raw_text,file_id,audio_id,video_id
,CQADAgADjw8AAqRaiUi4nb02jDltoQI,5226808502961311631,
"–í–µ—Å–µ–Ω–Ω—è—è –∞–Ω—Ç–∏–Ω–∞—É—á–Ω–∞—è –∫–æ–Ω—Ñ–µ—Ä–µ–Ω—Ü–∏—è 2021 
#",BAADAgADjg8AAqRaiUhdW0MjEOsuZAI,,5226808502961311630
–í–µ—Å–µ–Ω–Ω—è—è –∞–Ω—Ç–∏–Ω–∞—É—á–Ω–∞—è –∫–æ–Ω—Ñ–µ—Ä–µ–Ω—Ü–∏—è 2021,,,
,CQADAgADvg4AAo1ycUgFA1SQ8kTiGAI,5220079393015074494,
"–î–∂–µ–¥–∞–∏ÃÜ—Å–∫–∞—è —Ç–µ—Ö–Ω–∏–∫–∞ 2.0 (—Ñ–∏–ª–æ—Å–æ—Ñ–∏—è –ø—Ä–æ–¥—É–∫—Ç–∏–≤–Ω–æ—Å—Ç–∏ –∏ –Ω–∏ —Å–ª–æ–≤–∞ –ø—Ä–æ —Ç–∞–∏ÃÜ–º-–º–µ–Ω–µ–¥–∂–º–µ–Ω—Ç) 
#–ú–∞–∫—Å–∏–º_–î–æ—Ä–æ—Ñ–µ–µ–≤",BAADAgADvQ4AAo1ycUjBR8N_uQRsDwI,,5220079393015074493
–î–∂–µ–¥–∞–∏ÃÜ—Å–∫–∞—è —Ç–µ—Ö–Ω–∏–∫–∞ 2.0 (—Ñ–∏–ª–æ—Å–æ—Ñ–∏—è –ø—Ä–æ–¥—É–∫—Ç–∏–≤–Ω–æ—Å—Ç–∏ –∏ –Ω–∏ —Å–ª–æ–≤–∞ –ø—Ä–æ —Ç–∞–∏ÃÜ–º-–º–µ–Ω–µ–¥–∂–º–µ–Ω—Ç),,,
,CQADAgADfQ4AAo1ycUjHZPxwAAG8jV0C,5220079393015074429,
"–°—Ç—Ä–∏–º –ø—Ä–æ –≤—ã–≥–æ—Ä–∞–Ω–∏–µ —Å –ê–Ω–µ–∏ÃÜ –û–±—É—Ö–æ–≤–æ–∏ÃÜ 
#–ú–∞–∫—Å–∏–º_–î–æ—Ä–æ—Ñ–µ–µ–≤",BAADAgADfA4AAo1ycUgnIAQvMP5KfgI,,5220079393015074428
–°—Ç—Ä–∏–º –ø—Ä–æ –≤—ã–≥–æ—Ä–∞–Ω–∏–µ —Å –ê–Ω–µ–∏ÃÜ –û–±—É—Ö–æ–≤–æ–∏ÃÜ,,,
,CQADAgADQg4AAo1ycUiashxmQl5_dwI,5220079393015074370,
"–ì–∞—Ä—Ä–∏ –ú—É—Ä–∞–¥—è–Ω. –¢—Ä—É–¥–æ—É—Å—Ç—Ä–æ–∏ÃÜ—Å—Ç–≤–æ, —Ä–µ–∞–ª–∏–∑–∞—Ü–∏—è –∫–∞—Ä—å–µ—Ä—ã. –ö–∞–∫ –Ω–∞–∏ÃÜ—Ç–∏ —Ä–∞–±–æ—Ç—É –ö–∞–∫ —Å–æ—Å—Ç–∞–≤–ª—è—Ç—å —Ä–µ–∑—é–º–µ 
#–ê–ª–µ–∫—Å–∞–Ω–¥—Ä_–í–æ—Ç—è–∫–æ–≤",BAADAgADQQ4AAo1ycUjXLbNC3HLwcwI,,5220079393015074369
"–ì–∞—Ä—Ä–∏ –ú—É—Ä–∞–¥—è–Ω. –¢—Ä—É–¥–æ—É—Å—Ç—Ä–æ–∏ÃÜ—Å—Ç–≤–æ, —Ä–µ–∞–ª–∏–∑–∞—Ü–∏—è –∫–∞—Ä—å–µ—Ä—ã. –ö–∞–∫ –Ω–∞–∏ÃÜ—Ç–∏ —Ä–∞–±–æ—Ç—É –ö–∞–∫ —Å–æ—Å—Ç–∞–≤–ª—è—Ç—å —Ä–µ–∑—é–º–µ",,,
,CQADAgAD-w0AAo1ycUh7ZsEfFkZ28wI,5220079393015074299,
"–î–∂–µ–¥–∞–∏ÃÜ—Å–∫–∞—è —Ç–µ—Ö–Ω–∏–∫–∞ 2.0 (—Å–∏–º–ø—Ç–æ–º—ã –Ω–µ—ç–∫–æ–Ω–æ–º–Ω–æ–≥–æ –º—ã—à–ª–µ–Ω–∏—è –∏ 3 –ø—Ä–æ—Å—Ç—ã—Ö —Å–æ–≤–µ—Ç–∞) 
#–ú–∞–∫—Å–∏–º_–î–æ—Ä–æ—Ñ–µ–µ–≤",BAADAgAD-g0AAo1ycUhi4bemC4owmAI,,5220079393015074298
–î–∂–µ–¥–∞–∏ÃÜ—Å–∫–∞—è —Ç–µ—Ö–Ω–∏–∫–∞ 2.0 (—Å–∏–º–ø—Ç–æ–º—ã –Ω–µ—ç–∫–æ–Ω–æ–º–Ω–æ–≥–æ –º—ã—à–ª–µ–Ω–∏—è –∏ 3 –ø—Ä–æ—Å—Ç—ã—Ö —Å–æ–≤–µ—Ç–∞),,,
,CQADAgADbw0AAo1ycUhwNrB4ajPEzwI,5220079393015074159,
"–í—ã–≥–æ—Ä–∞–Ω–∏–µ (—á–∞—Å—Ç—å 2) –ß—Ç–æ –¥–µ–ª–∞—Ç—å 
#–ú–∞–∫—Å–∏–º_–î–æ—Ä–æ—Ñ–µ–µ–≤",BAADAgADbg0AAo1ycUiI40D_qeIBzAI,,5220079393015074158
–í—ã–≥–æ—Ä–∞–Ω–∏–µ (—á–∞—Å—Ç—å 2) –ß—Ç–æ –¥–µ–ª–∞—Ç—å,,,
,CQADAgADDQ0AAo1yaUjSBVlgbPSBAgI,5217827593201388813,
"–ú–∞–∫—Å–∏–º –î–æ—Ä–æ—Ñ–µ–µ–≤ –æ –ø—Ä–æ–¥—É–∫—Ç–∏–≤–Ω–æ—Å—Ç–∏ –∏ –ø—Ä–æ–∫—Ä–∞—Å—Ç–∏–Ω–∞—Ü–∏–∏ 
#–ú–∞–∫—Å–∏–º_–î–æ—Ä–æ—Ñ–µ–µ–≤",BAADAgADDA0AAo1yaUhQgvJ4kqZ9uAI,,5217827593201388812
–ú–∞–∫—Å–∏–º –î–æ—Ä–æ—Ñ–µ–µ–≤ –æ –ø—Ä–æ–¥—É–∫—Ç–∏–≤–Ω–æ—Å—Ç–∏ –∏ –ø—Ä–æ–∫—Ä–∞—Å—Ç–∏–Ω–∞—Ü–∏–∏,,,
,CQADAgADzgwAAo1yaUik3G2MIzo3NwI,5217827593201388750,
"#PM –ú–∞–∫—Å–∏–º –î–æ—Ä–æ—Ñ–µ–µ–≤. mnogosdelal dot ru. –¢—É–ø–Ω—è–∫ –∫–∞–∫ —á—É–º–∞ 21 –≤–µ–∫–∞ –∏ —á—Ç–æ —Å —ç—Ç–∏–º –¥–µ–ª–∞—Ç—å 
#–ú–∞–∫—Å–∏–º_–î–æ—Ä–æ—Ñ–µ–µ–≤",BAADAgADzQwAAo1yaUglz7Sv9pwhEwI,,5217827593201388749
#PM –ú–∞–∫—Å–∏–º –î–æ—Ä–æ—Ñ–µ–µ–≤. mnogosdelal dot ru. –¢—É–ø–Ω—è–∫ –∫–∞–∫ —á—É–º–∞ 21 –≤–µ–∫–∞ –∏ —á—Ç–æ —Å —ç—Ç–∏–º –¥–µ–ª–∞—Ç—å,,,
,CQADAgADwgwAAo1yaUjh8y2Ko1B_aQI,5217827593201388738,
"–ú–∞–∫—Å–∏–º –î–æ—Ä–æ—Ñ–µ–µ–≤ - 18 –º–µ—Å—è—Ü–µ–≤ —Å–≤–æ–±–æ–¥–Ω–æ–≥–æ –ø–ª–∞–≤–∞–Ω–∏—è (–¥–µ—Ñ–æ—Ä–º–∞—Ü–∏—è —Å–æ–∑–Ω–∞–Ω–∏—è) 
#–ú–∞–∫—Å–∏–º_–î–æ—Ä–æ—Ñ–µ–µ–≤",BAADAgADwQwAAo1yaUiU4QT03F9rGQI,,5217827593201388737
–ú–∞–∫—Å–∏–º –î–æ—Ä–æ—Ñ–µ–µ–≤ - 18 –º–µ—Å—è—Ü–µ–≤ —Å–≤–æ–±–æ–¥–Ω–æ–≥–æ –ø–ª–∞–≤–∞–Ω–∏—è (–¥–µ—Ñ–æ—Ä–º–∞—Ü–∏—è —Å–æ–∑–Ω–∞–Ω–∏—è),,,
,CQADAgADOwwAAo1yaUh2IXHga9A_uAI,5217827593201388603,
"–ú–∞–∫—Å–∏–º –î–æ—Ä–æ—Ñ–µ–µ–≤ ‚Äî –≠—Ñ—Ñ–µ–∫—Ç–∏–≤–Ω–æ—Å—Ç—å –Ω–µ—ç—Ñ—Ñ–µ–∫—Ç–∏–≤–Ω–æ—Å—Ç–∏ 
#–ú–∞–∫—Å–∏–º_–î–æ—Ä–æ—Ñ–µ–µ–≤",BAADAgADOgwAAo1yaUgyosD8pIuKkAI,,5217827593201388602
–ú–∞–∫—Å–∏–º –î–æ—Ä–æ—Ñ–µ–µ–≤ ‚Äî –≠—Ñ—Ñ–µ–∫—Ç–∏–≤–Ω–æ—Å—Ç—å –Ω–µ—ç—Ñ—Ñ–µ–∫—Ç–∏–≤–Ω–æ—Å—Ç–∏,,,
,CQADAgADHAwAAo1yaUiA5I_PzmNdMQI,5217827593201388572,
"–ú–∞–∫—Å–∏–º –î–æ—Ä–æ—Ñ–µ–µ–≤ ‚Äî –í–æ—Å–ø–∏—Ç–∞–∏ÃÜ —Å–≤–æ—é –æ–±–µ–∑—å—è–Ω—É 
#–ú–∞–∫—Å–∏–º_–î–æ—Ä–æ—Ñ–µ–µ–≤",BAADAgADGwwAAo1yaUg9px1QVSLDKgI,,5217827593201388571
–ú–∞–∫—Å–∏–º –î–æ—Ä–æ—Ñ–µ–µ–≤ ‚Äî –í–æ—Å–ø–∏—Ç–∞–∏ÃÜ —Å–≤–æ—é –æ–±–µ–∑—å—è–Ω—É,,,
,CQADAgADHwsAAjB4YUio13zcOgO3ygI,5215581991025511199,
"–ü—Ä–∏–Ω—Ü–∏–ø —ç–∫–æ–Ω–æ–º–∏–∏ –º—ã—Å–ª–µ—Ç–æ–ø–ª–∏–≤–∞  –ú–∞–∫—Å–∏–º –î–æ—Ä–æ—Ñ–µ–µ–≤ (mnogosdelal dot ru) 
#–ú–∞–∫—Å–∏–º_–î–æ—Ä–æ—Ñ–µ–µ–≤",BAADAgADHgsAAjB4YUgKVMsBN0_MKAI,,5215581991025511198
–ü—Ä–∏–Ω—Ü–∏–ø —ç–∫–æ–Ω–æ–º–∏–∏ –º—ã—Å–ª–µ—Ç–æ–ø–ª–∏–≤–∞  –ú–∞–∫—Å–∏–º –î–æ—Ä–æ—Ñ–µ–µ–≤ (mnogosdelal dot ru),,,
,CQADAgADhw8AAjB4WUhQCwmyHLuZigI,5213330191211827079,
"–ß—Ç–æ —è —Ö–æ—Ç–µ–ª –±—ã –∑–Ω–∞—Ç—å –æ–± IT –≤ 20 –ª–µ—Ç. –ú–∞–∫—Å–∏–º –î–æ—Ä–æ—Ñ–µ–µ–≤ 
#–ú–∞–∫—Å–∏–º_–î–æ—Ä–æ—Ñ–µ–µ–≤",BAADAgADhg8AAjB4WUjICqVMWDoBLgI,,5213330191211827078
–ß—Ç–æ —è —Ö–æ—Ç–µ–ª –±—ã –∑–Ω–∞—Ç—å –æ–± IT –≤ 20 –ª–µ—Ç. –ú–∞–∫—Å–∏–º –î–æ—Ä–æ—Ñ–µ–µ–≤,,,
,CQADAgADgg8AAjB4WUgqVkarvgSUmAI,5213330191211827074,
"–ü—Ä–æ—Ñ–∏–ª–∞–∫—Ç–∏–∫–∞ –ø—Ä–æ—Ñ–µ—Å—Å–∏–æ–Ω–∞–ª—å–Ω–æ–≥–æ –≤—ã–≥–æ—Ä–∞–Ω–∏—è, –∏–ª–∏ –ø—Ä–æ–∫–ª—è—Ç–∏–µ —Ç—Ä–µ—Ö —Ç–∞—Ä–∞–∫–∞–Ω–æ–≤. –ú–∞–∫—Å–∏–º –î–æ—Ä–æ—Ñ–µ–µ–≤ 
#–ú–∞–∫—Å–∏–º_–î–æ—Ä–æ—Ñ–µ–µ–≤",BAADAgADgQ8AAjB4WUix7PZmthnH-wI,,5213330191211827073
"–ü—Ä–æ—Ñ–∏–ª–∞–∫—Ç–∏–∫–∞ –ø—Ä–æ—Ñ–µ—Å—Å–∏–æ–Ω–∞–ª—å–Ω–æ–≥–æ –≤—ã–≥–æ—Ä–∞–Ω–∏—è, –∏–ª–∏ –ø—Ä–æ–∫–ª—è—Ç–∏–µ —Ç—Ä–µ—Ö —Ç–∞—Ä–∞–∫–∞–Ω–æ–≤. –ú–∞–∫—Å–∏–º –î–æ—Ä–æ—Ñ–µ–µ–≤",,,
,CQADAgADew8AAjB4WUhiJXUckdSi3AI,5213330191211827067,
–ö–∞–∫ —Å—Ç–∞—Ç—å –ª—É—á—à–∏–º –µ—â–µÃà –≤ –£–Ω–∏–≤–µ—Ä–µ –ë–∏–∑–Ω–µ—Å-—Ä–∞–∑–±–æ—Ä  –û—Å–∫–∞—Ä –•–∞—Ä—Ç–º–∞–Ω–Ω,BAADAgADeg8AAjB4WUiWXRMNdT-XWAI,,5213330191211827066
–ö–∞–∫ —Å—Ç–∞—Ç—å –ª—É—á—à–∏–º –µ—â–µÃà –≤ –£–Ω–∏–≤–µ—Ä–µ –ë–∏–∑–Ω–µ—Å-—Ä–∞–∑–±–æ—Ä  –û—Å–∫–∞—Ä –•–∞—Ä—Ç–º–∞–Ω–Ω,,,
,CQADAgADcw8AAjB4WUjghHxv5eT64gI,5213330191211827059,
"–ú–∞–∫—Å–∏–º –î–æ—Ä–æ—Ñ–µ–µ–≤ ‚Äî –°–∏–ª–∞ –ø–µ—Ä–≤–æ–≥–æ —à–∞–≥–∞ –∏–ª–∏ —Å–µ—Å—Å–∏—è –≥—Ä—É–ø–ø–æ–≤–æ–∏ÃÜ –¥–µ–ø—Ä–æ–∫—Ä–∞—Å—Ç–∏–Ω–∞—Ü–∏–∏ 
#–ú–∞–∫—Å–∏–º_–î–æ—Ä–æ—Ñ–µ–µ–≤",BAADAgADcg8AAjB4WUh3MGJc4XL2TwI,,5213330191211827058
–ú–∞–∫—Å–∏–º –î–æ—Ä–æ—Ñ–µ–µ–≤ ‚Äî –°–∏–ª–∞ –ø–µ—Ä–≤–æ–≥–æ —à–∞–≥–∞ –∏–ª–∏ —Å–µ—Å—Å–∏—è –≥—Ä—É–ø–ø–æ–≤–æ–∏ÃÜ –¥–µ–ø—Ä–æ–∫—Ä–∞—Å—Ç–∏–Ω–∞—Ü–∏–∏,,,
"#–ú–∞–∫—Å–∏–º_–î–æ—Ä–æ—Ñ–µ–µ–≤ - –ø—Ä–æ–∫—Ä–∞—Å—Ç–∏–Ω–∞—Ç–æ–ª–æ–≥, —Å–ø–µ—Ü–∏–∞–ª–∏—Å—Ç –ø–æ –ø—Ä–æ–¥—É–∫—Ç–∏–≤–Ω–æ—Å—Ç–∏, —Ç—Ä–µ–Ω–µ—Ä, –ø—Ä–æ—Ä–∞–±–æ—Ç–∞–ª –≤ –æ–±–ª–∞—Å—Ç–∏ —Ä–∞–∑—Ä–∞–±–æ—Ç–∫–∏ –ü–û –ø–æ—á—Ç–∏ 15 –ª–µ—Ç. –° 2013 –≤–µ–¥–µ—Ç —Ç—Ä–µ–Ω–∏–Ω–≥–∏ –ø–æ –ø—Ä–æ–¥—É–∫—Ç–∏–≤–Ω–æ—Å—Ç–∏. –û–∫–æ–Ω—á–∏–ª —Ñ–∏–∑–∏—á–µ—Å–∫–∏–π —Ñ–∞–∫—É–ª—å—Ç–µ—Ç –ú–ì–£.",,,
,CQADAgADbg8AAjB4WUij6RgE8uFpbgI,5213330191211827054,
"–ú–∞–∫—Å–∏–º –î–æ—Ä–æ—Ñ–µ–µ–≤ ‚Äî –°—Ç—É–¥–µ–Ω—á–µ—Å–∫–∏–∏ÃÜ —Å–∏–Ω–¥—Ä–æ–º –ø–æ—á–µ–º—É –º—ã –≤—Å–µ –¥–µ–ª–∞–µ–º –≤ –ø–æ—Å–ª–µ–¥–Ω–∏–∏ÃÜ –º–æ–º–µ–Ω—Ç 
#–ú–∞–∫—Å–∏–º_–î–æ—Ä–æ—Ñ–µ–µ–≤",BAADAgADbQ8AAjB4WUhJnTb4Bn_gvgI,,5213330191211827053
–ú–∞–∫—Å–∏–º –î–æ—Ä–æ—Ñ–µ–µ–≤ ‚Äî –°—Ç—É–¥–µ–Ω—á–µ—Å–∫–∏–∏ÃÜ —Å–∏–Ω–¥—Ä–æ–º –ø–æ—á–µ–º—É –º—ã –≤—Å–µ –¥–µ–ª–∞–µ–º –≤ –ø–æ—Å–ª–µ–¥–Ω–∏–∏ÃÜ –º–æ–º–µ–Ω—Ç,,,
,CQADAgADuAwAAjB4WUia61LPJHSlOAI,5213330191211826360,
üßë üíª –ö–¢–û –ò –ö–ê–ö –õ–û–í–ò–¢ –•–ê–ö–ï–†–û–í  GROUP-IB –ò –ü–ò–†–ê–ú–ò–î–ê –ö–û–ú–ü–¨–Æ–¢–ï–†–ù–´–• –ü–†–ï–°–¢–£–ü–õ–ï–ù–ò–òÃÜ,BAADAgADtwwAAjB4WUhhYxj25ZLxZAI,,5213330191211826359
üßë üíª –ö–¢–û –ò –ö–ê–ö –õ–û–í–ò–¢ –•–ê–ö–ï–†–û–í  GROUP-IB –ò –ü–ò–†–ê–ú–ò–î–ê –ö–û–ú–ü–¨–Æ–¢–ï–†–ù–´–• –ü–†–ï–°–¢–£–ü–õ–ï–ù–ò–òÃÜ,,,
,CQADAgADSw4AAlzASUiohfyhKQABh1kC,5208905945400217163,
–ö–∞–∫–∏–µ —à–∫–æ–ª—ã –∏ –≤—É–∑—ã –ª—É—á—à–µ –°—Ç—Ä–∏–º –°–µ—Ä–≥–µ—è –ì—É—Ä–∏–µ–≤–∞ –æ–± –æ–±—Ä–∞–∑–æ–≤–∞–Ω–∏–∏,BAADAgADSg4AAlzASUhZ6beqTr8qqgI,,5208905945400217162
–ö–∞–∫–∏–µ —à–∫–æ–ª—ã –∏ –≤—É–∑—ã –ª—É—á—à–µ –°—Ç—Ä–∏–º –°–µ—Ä–≥–µ—è –ì—É—Ä–∏–µ–≤–∞ –æ–± –æ–±—Ä–∞–∑–æ–≤–∞–Ω–∏–∏,,,
,CQADAgADIw4AAlzASUhgxoJEIGo6LwI,5208905945400217123,
–ì—Ä–∏–≥–æ—Ä–∏–∏ÃÜ –û—Å—Ç–µ—Ä –≤–æ—Å–ø–∏—Ç–∞–Ω–∏–µ —Ç–µ–∫—Å—Ç–æ–º (Kuji Podcast 92),BAADAgADIg4AAlzASUhC4yf_alFYyAI,,5208905945400217122
–ì—Ä–∏–≥–æ—Ä–∏–∏ÃÜ –û—Å—Ç–µ—Ä –≤–æ—Å–ø–∏—Ç–∞–Ω–∏–µ —Ç–µ–∫—Å—Ç–æ–º (Kuji Podcast 92),,,
,CQADAgADCg4AAlzAQUhQLiVBbEGKRQI,5206654145586531850,
"–Æ–ª–∏—è –ö–æ—Ä–µ—Å. –ö–∞–∫ —Å–æ–∑–¥–∞—Ç—å —Å–µ–±–µ –≤—Ç–æ—Ä–æ–∏ÃÜ –º–æ–∑–≥ –∏ –ø–æ–º–Ω–∏—Ç—å –≤—Å–µ –û—Ä–≥–∞–Ω–∏–∑–∞—Ü–∏—è –∑–∞–º–µ—Ç–æ–∫ –≤ –≥—Ç–¥. 
#–ê–ª–µ–∫—Å–∞–Ω–¥—Ä_–í–æ—Ç—è–∫–æ–≤",BAADAgADCQ4AAlzAQUiE4Y7b126NQgI,,5206654145586531849
–Æ–ª–∏—è –ö–æ—Ä–µ—Å. –ö–∞–∫ —Å–æ–∑–¥–∞—Ç—å —Å–µ–±–µ –≤—Ç–æ—Ä–æ–∏ÃÜ –º–æ–∑–≥ –∏ –ø–æ–º–Ω–∏—Ç—å –≤—Å–µ –û—Ä–≥–∞–Ω–∏–∑–∞—Ü–∏—è –∑–∞–º–µ—Ç–æ–∫ –≤ –≥—Ç–¥.,,,
,CQADAgADig0AAt9aQEjpyN2NnQ6jSwI,5206261083064503690,
"–ü—Ä–æ —É–º–Ω—ã—Ö –¥–µ—Ç–µ–∏ÃÜ [–í–ª–∞–¥–∏–º–∏—Ä –ê–ª–∏–ø–æ–≤ –∏ –ê–ª–µ–∫—Å–∞–Ω–¥—Ä –í–æ—Ç—è–∫–æ–≤] 
#–ê–ª–µ–∫—Å–∞–Ω–¥—Ä_–í–æ—Ç—è–∫–æ–≤",BAADAgADiQ0AAt9aQEh-dsAau4TPigI,,5206261083064503689
–ü—Ä–æ —É–º–Ω—ã—Ö –¥–µ—Ç–µ–∏ÃÜ [–í–ª–∞–¥–∏–º–∏—Ä –ê–ª–∏–ø–æ–≤ –∏ –ê–ª–µ–∫—Å–∞–Ω–¥—Ä –í–æ—Ç—è–∫–æ–≤],,,
,CQADAgADJQ0AAt9aQEi0-TiFIdvyWAI,5206261083064503589,
"–ò–ò –∏ –±—É–¥—É—â–µ–µ [–í–ª–∞–¥–∏–º–∏—Ä –ê–ª–∏–ø–æ–≤ –∏ –ê–ª–µ–∫—Å–∞–Ω–¥—Ä –í–æ—Ç—è–∫–æ–≤] 
#–ê–ª–µ–∫—Å–∞–Ω–¥—Ä_–í–æ—Ç—è–∫–æ–≤",BAADAgADJA0AAt9aQEjoohy3fjYmTgI,,5206261083064503588
–ò–ò –∏ –±—É–¥—É—â–µ–µ [–í–ª–∞–¥–∏–º–∏—Ä –ê–ª–∏–ø–æ–≤ –∏ –ê–ª–µ–∫—Å–∞–Ω–¥—Ä –í–æ—Ç—è–∫–æ–≤],,,
,CQADAgADBw0AAt9aQEhd-zKjtgLajwI,5206261083064503559,
"–ë–∏–æ—Ö–∞–∫–∏–Ω–≥ —Å –ê–ª–µ–∫—Å–∞–Ω–¥—Ä–æ–º –í–æ—Ç—è–∫–æ–≤—ã–º –∏ –í–ª–∞–¥–∏–º–∏—Ä–æ–º –ê–ª–∏–ø–æ–≤—ã–º 
#–ê–ª–µ–∫—Å–∞–Ω–¥—Ä_–í–æ—Ç—è–∫–æ–≤",BAADAgADBg0AAt9aQEj7P5aU2GljQQI,,5206261083064503558
–ë–∏–æ—Ö–∞–∫–∏–Ω–≥ —Å –ê–ª–µ–∫—Å–∞–Ω–¥—Ä–æ–º –í–æ—Ç—è–∫–æ–≤—ã–º –∏ –í–ª–∞–¥–∏–º–∏—Ä–æ–º –ê–ª–∏–ø–æ–≤—ã–º,,,
,CQADAgAD7gwAAt9aQEj7oO_QUHKvMQI,5206261083064503534,
"–†–∞–±–æ—Ç–∞ –≤ –®–∫–æ–ª–∫–æ–≤–æ [–í–ª–∞–¥–∏–º–∏—Ä –ê–ª–∏–ø–æ–≤ –∏ –ê–ª–µ–∫—Å–∞–Ω–¥—Ä –í–æ—Ç—è–∫–æ–≤] 
#–ê–ª–µ–∫—Å–∞–Ω–¥—Ä_–í–æ—Ç—è–∫–æ–≤",BAADAgAD7QwAAt9aQEjAZTLnLBZagAI,,5206261083064503533
–†–∞–±–æ—Ç–∞ –≤ –®–∫–æ–ª–∫–æ–≤–æ [–í–ª–∞–¥–∏–º–∏—Ä –ê–ª–∏–ø–æ–≤ –∏ –ê–ª–µ–∫—Å–∞–Ω–¥—Ä –í–æ—Ç—è–∫–æ–≤],,,
,CQADAgADswwAAt9aQEjlIj61xfOiyAI,5206261083064503475,
"–°–í–ï–¢–û–í –ò –°–ê–í–í–ê–¢–ï–ï–í! –ê–ü–†–ï–õ–¨–°–ö–ò–òÃÜ –°–¢–†–ò–ú 
#–ê–ª–µ–∫—Å–µ–π_–°–∞–≤–≤–∞—Ç–µ–µ–≤
#–ú–∏—Ö–∞–∏–ª_–°–≤–µ—Ç–æ–≤",BAADAgADsgwAAt9aQEj5RhgFoDSkaAI,,5206261083064503474
–°–í–ï–¢–û–í –ò –°–ê–í–í–ê–¢–ï–ï–í! –ê–ü–†–ï–õ–¨–°–ö–ò–òÃÜ –°–¢–†–ò–ú,,,
,CQADAgADhAwAAmS3KUjOTHcM15tfIAI,5199888884900564100,
"–ê–ª–µ–∫—Å–∞–Ω–¥—Ä –í–æ—Ç—è–∫–æ–≤ —Å–∞–º–æ—Ä–∞–∑–≤–∏—Ç–∏–µ –≤ XXI –≤–µ–∫–µ 
#–ê–ª–µ–∫—Å–∞–Ω–¥—Ä_–í–æ—Ç—è–∫–æ–≤",BAADAgADgwwAAmS3KUgd-_9M-0JkaAI,,5199888884900564099
–ê–ª–µ–∫—Å–∞–Ω–¥—Ä –í–æ—Ç—è–∫–æ–≤ —Å–∞–º–æ—Ä–∞–∑–≤–∏—Ç–∏–µ –≤ XXI –≤–µ–∫–µ,,,
,CQADAgADVAwAAmS3KUhmvYhmFpiULgI,5199888884900564052,
"–§–∏–Ω–∞–Ω—Å–æ–≤–∞—è –≥—Ä–∞–º–æ—Ç–Ω–æ—Å—Ç—å. –ü–∏—Ä–∞–º–∏–¥—ã. –°–µ—Ç–µ–≤–æ–∏ÃÜ –º–∞—Ä–∫–µ—Ç–∏–Ω–≥. –ö—Ä–µ–¥–∏—Ç—ã, –≤–∫–ª–∞–¥—ã –∏ –∏–Ω–≤–µ—Å—Ç–∏—Ü–∏–∏. 
#–ê–ª–µ–∫—Å–∞–Ω–¥—Ä_–í–æ—Ç—è–∫–æ–≤",BAADAgADUwwAAmS3KUifTj7c1Ht4wQI,,5199888884900564051
"–§–∏–Ω–∞–Ω—Å–æ–≤–∞—è –≥—Ä–∞–º–æ—Ç–Ω–æ—Å—Ç—å. –ü–∏—Ä–∞–º–∏–¥—ã. –°–µ—Ç–µ–≤–æ–∏ÃÜ –º–∞—Ä–∫–µ—Ç–∏–Ω–≥. –ö—Ä–µ–¥–∏—Ç—ã, –≤–∫–ª–∞–¥—ã –∏ –∏–Ω–≤–µ—Å—Ç–∏—Ü–∏–∏.",,,
,CQADAgADkwsAAvX6IEho6G5L4si88AI,5197429900159486867,
"–ù–æ–≤–∞—è —ç–∫–æ–Ω–æ–º–∏–∫–∞.–°—Ç—É–¥–µ–Ω—Ç—ã 
#–ê–ª–µ–∫—Å–∞–Ω–¥—Ä_–í–æ—Ç—è–∫–æ–≤",BAADAgADkgsAAvX6IEhSjegQ-pj5_gI,,5197429900159486866
–ù–æ–≤–∞—è —ç–∫–æ–Ω–æ–º–∏–∫–∞.–°—Ç—É–¥–µ–Ω—Ç—ã,,,
,CQADAgAD-Q0AAvX6GEiHq6V9z4zxkAI,5195178100345802233,
"–ú–∞—Ä–∏–Ω–∞ –°–∏–≤–∫–æ–≤–∞ –ø—Ä–æ —Å–æ—Ü–∏–æ–ª–æ–≥–∏—é, –º–∞—Ä–∫–µ—Ç–∏–Ω–≥
#–ê—Ä—Ç–µ–º_–†—É—Å–∞–∫–æ–≤–∏—á",BAADAgAD-A0AAvX6GEgJpFuUFpPWAQI,,5195178100345802232
"–ú–∞—Ä–∏–Ω–∞ –°–∏–≤–∫–æ–≤–∞ –ø—Ä–æ —Å–æ—Ü–∏–æ–ª–æ–≥–∏—é, –º–∞—Ä–∫–µ—Ç–∏–Ω–≥",,,
,CQADAgADmw0AAvX6GEie_ioSYaVVWwI,5195178100345802139,
"–ê–ª–µ–∫—Å–∞–Ω–¥—Ä –í–µ—Ç—É—à–∏–Ω—Å–∫–∏–∏ÃÜ –ø—Ä–æ —Ñ–∏–ª–æ—Å–æ—Ñ–∏—é, –≤–∏–¥–µ–æ–∏–≥—Ä—ã –∏ —Ä–∞–±–æ—Ç—É —Å–æ —Å–º—ã—Å–ª–∞–º–∏ 
#–ê—Ä—Ç–µ–º_–†—É—Å–∞–∫–æ–≤–∏—á",BAADAgADmg0AAvX6GEiIM9QIqv1z7wI,,5195178100345802138
"–ê–ª–µ–∫—Å–∞–Ω–¥—Ä –í–µ—Ç—É—à–∏–Ω—Å–∫–∏–∏ÃÜ –ø—Ä–æ —Ñ–∏–ª–æ—Å–æ—Ñ–∏—é, –≤–∏–¥–µ–æ–∏–≥—Ä—ã –∏ —Ä–∞–±–æ—Ç—É —Å–æ —Å–º—ã—Å–ª–∞–º–∏",,,
,CQADAgADXw0AAvX6GEjPsZdFJo9qMAI,5195178100345802079,
"–ö—Ç–æ —Ç–∞–∫–æ–∏ÃÜ –≥—É–º–∞–Ω–∏—Ç–∞—Ä–∏–∏ÃÜ –∏ –ø–æ—á–µ–º—É –ø—Ä–æ—Ü–µ–Ω—Ç—ã –¥–æ–ª–∂–µ–Ω –ø–æ–Ω–∏–º–∞—Ç—å –∫–∞–∂–¥—ã–∏ÃÜ –ò–Ω—Ç–µ—Ä–≤—å—é —Å –ê–ª–µ–∫—Å–µ–µ–º –°–∞–≤–≤–∞—Ç–µ–µ–≤—ã–º 
#–ê–ª–µ–∫—Å–µ–π_–°–∞–≤–≤–∞—Ç–µ–µ–≤",BAADAgADXg0AAvX6GEj8Iy3Z7ExjJwI,,5195178100345802078
–ö—Ç–æ —Ç–∞–∫–æ–∏ÃÜ –≥—É–º–∞–Ω–∏—Ç–∞—Ä–∏–∏ÃÜ –∏ –ø–æ—á–µ–º—É –ø—Ä–æ—Ü–µ–Ω—Ç—ã –¥–æ–ª–∂–µ–Ω –ø–æ–Ω–∏–º–∞—Ç—å –∫–∞–∂–¥—ã–∏ÃÜ –ò–Ω—Ç–µ—Ä–≤—å—é —Å –ê–ª–µ–∫—Å–µ–µ–º –°–∞–≤–≤–∞—Ç–µ–µ–≤—ã–º,,,
,CQADAgADJg0AAvX6GEhB5WsroojiPwI,5195178100345802022,
"–ê—Ä—Å–µ–Ω–∏–∏ÃÜ –ù—É—Ä–∏–¥–∂–∞–Ω–æ–≤ –ø—Ä–æ —ç–∫–æ–Ω–æ–º–∏–∫—É, –±–∏–∑–Ω–µ—Å –∏ –°–±–µ—Ä–±–∞–Ω–∫ 
#–ê—Ä—Ç–µ–º_–†—É—Å–∞–∫–æ–≤–∏—á",BAADAgADJQ0AAvX6GEhS_bwSeZG5-AI,,5195178100345802021
"–ê—Ä—Å–µ–Ω–∏–∏ÃÜ –ù—É—Ä–∏–¥–∂–∞–Ω–æ–≤ –ø—Ä–æ —ç–∫–æ–Ω–æ–º–∏–∫—É, –±–∏–∑–Ω–µ—Å –∏ –°–±–µ—Ä–±–∞–Ω–∫",,,
,CQADAgADIw0AAvX6GEjcLqA47j-sUgI,5195178100345802019,
"–î–º–∏—Ç—Ä–∏–∏ÃÜ –ì—Ä–∏—Ü –æ —Ä–∞–±–æ—Ç–µ —é—Ä–∏—Å—Ç–∞ –∏ –ø—Ä–∞–≤–æ–≤–æ–∏ÃÜ –≥—Ä–∞–º–æ—Ç–Ω–æ—Å—Ç–∏ 
#–ê—Ä—Ç–µ–º_–†—É—Å–∞–∫–æ–≤–∏—á",BAADAgADIg0AAvX6GEiYspaeVTZM5wI,,5195178100345802018
–î–º–∏—Ç—Ä–∏–∏ÃÜ –ì—Ä–∏—Ü –æ —Ä–∞–±–æ—Ç–µ —é—Ä–∏—Å—Ç–∞ –∏ –ø—Ä–∞–≤–æ–≤–æ–∏ÃÜ –≥—Ä–∞–º–æ—Ç–Ω–æ—Å—Ç–∏,,,
,CQADAgADJQsAAi3JCEikZsf0jGZp9AI,5190619765655210789,
"–†–£–°–°–ö–ò–òÃÜ –ù–ê–¶–ò–û–ù–ê–õ–¨–ù–´–òÃÜ –•–ê–ö–ò–ù–ì  –ü–∞–≤–µ–ª –ñ–æ–≤–Ω–µ—Ä –≤ –≥–æ—Å—Ç—è—Ö —É –ú–∏—Ö–∞–∏–ª–∞ –°–≤–µ—Ç–æ–≤–∞ 
#–ú–∏—Ö–∞–∏–ª_–°–≤–µ—Ç–æ–≤",BAADAgADJAsAAi3JCEjxIck46qdXDAI,,5190619765655210788
–†–£–°–°–ö–ò–òÃÜ –ù–ê–¶–ò–û–ù–ê–õ–¨–ù–´–òÃÜ –•–ê–ö–ò–ù–ì  –ü–∞–≤–µ–ª –ñ–æ–≤–Ω–µ—Ä –≤ –≥–æ—Å—Ç—è—Ö —É –ú–∏—Ö–∞–∏–ª–∞ –°–≤–µ—Ç–æ–≤–∞,,,
,,,
,CQADAgADWA0AAi3JAAFI0E_pYGva86EC,5188367965841526104,
"–°–ù–ê–ß–ê–õ–ê –ë–´–õ–û –°–õ–û–í–û  –ú–∏–∫–∏—Ç–∫–æ —Å—ã–Ω –ê–ª–µ–∫—Å–µ–µ–≤ 
#–ú–∏—Ö–∞–∏–ª_–°–≤–µ—Ç–æ–≤",BAADAgADVw0AAi3JAAFItVVeHFyNPf0C,,5188367965841526103
–°–ù–ê–ß–ê–õ–ê –ë–´–õ–û –°–õ–û–í–û  –ú–∏–∫–∏—Ç–∫–æ —Å—ã–Ω –ê–ª–µ–∫—Å–µ–µ–≤,,,
,CQADAgADKQ0AAi3JAAFIqNjsqt8BNjEC,5188367965841526057,
"–†–û–°–ö–û–ú–ù–ê–î–ó–û–† –ó–ê–ë–õ–û–ö–ò–†–£–ï–¢ –í–°–ïÃà  –í–ª–∞–¥–∏—Å–ª–∞–≤ –ó–¥–æ–ª—å–Ω–∏–∫–æ–≤ –≤ –≥–æ—Å—Ç—è—Ö —É –ú–∏—Ö–∞–∏–ª–∞ –°–≤–µ—Ç–æ–≤–∞ 
#–ú–∏—Ö–∞–∏–ª_–°–≤–µ—Ç–æ–≤",BAADAgADKA0AAi3JAAFICB32o0ud6mgC,,5188367965841526056
–†–û–°–ö–û–ú–ù–ê–î–ó–û–† –ó–ê–ë–õ–û–ö–ò–†–£–ï–¢ –í–°–ïÃà  –í–ª–∞–¥–∏—Å–ª–∞–≤ –ó–¥–æ–ª—å–Ω–∏–∫–æ–≤ –≤ –≥–æ—Å—Ç—è—Ö —É –ú–∏—Ö–∞–∏–ª–∞ –°–≤–µ—Ç–æ–≤–∞,,,
,CQADAgADJwwAAgNXAUhBI1w2Udy70QI,5188523916104043559,
"–î–û–ú–ê–®–ù–ï–ï –û–ë–†–ê–ó–û–í–ê–ù–ò–ï  –î–∂–∞—Å—Ç–∞—Å –£–æ–ª–∫–µ—Ä –∏ –ú–∏—Ö–∞–∏–ª –°–≤–µ—Ç–æ–≤ 
#–ú–∏—Ö–∞–∏–ª_–°–≤–µ—Ç–æ–≤",BAADAgADJgwAAgNXAUhYAoLgcY-K4QI,,5188523916104043558
–î–û–ú–ê–®–ù–ï–ï –û–ë–†–ê–ó–û–í–ê–ù–ò–ï  –î–∂–∞—Å—Ç–∞—Å –£–æ–ª–∫–µ—Ä –∏ –ú–∏—Ö–∞–∏–ª –°–≤–µ—Ç–æ–≤,,,
,CQADAgADnwsAAgNXAUjrELmKoDrnUAI,5188523916104043423,
"–†–£–°–°–ö–ò–ï –°–ï–ó–û–ù–´ —Å –ú–∏–∫–∏—Ç–∫–æ–∏ÃÜ —Å—ã–Ω–æ–º –ê–ª–µ–∫—Å–µ–µ–≤—ã–º –∏ –ü–∞–≤–ª–æ–º –ì–Ω–∏–ª–æ—Ä—ã–±–æ–≤—ã–º 
#–ú–∏—Ö–∞–∏–ª_–°–≤–µ—Ç–æ–≤",BAADAgADngsAAgNXAUjJ6SyrSMJ36gI,,5188523916104043422
–†–£–°–°–ö–ò–ï –°–ï–ó–û–ù–´ —Å –ú–∏–∫–∏—Ç–∫–æ–∏ÃÜ —Å—ã–Ω–æ–º –ê–ª–µ–∫—Å–µ–µ–≤—ã–º –∏ –ü–∞–≤–ª–æ–º –ì–Ω–∏–ª–æ—Ä—ã–±–æ–≤—ã–º,,,
,CQADAgADnQsAAgNXAUg_ezqn6IKc-AI,5188523916104043421,
"–ü–†–ï–î–ï–õ –ù–ê–£–ö–ò –ò –ë–ï–°–ü–†–ï–î–ï–õ –Ø–ó–´–ö–ê –ë—Ä–∞–≥–∏–ª–µ–≤—Å–∫–∏–∏ÃÜ –≤ –≥–æ—Å—Ç—è—Ö —É –°–≤–µ—Ç–æ–≤–∞ 
#–ú–∏—Ö–∞–∏–ª_–°–≤–µ—Ç–æ–≤",BAADAgADnAsAAgNXAUhX-DxP93pC7QI,,5188523916104043420
–ü–†–ï–î–ï–õ –ù–ê–£–ö–ò –ò –ë–ï–°–ü–†–ï–î–ï–õ –Ø–ó–´–ö–ê –ë—Ä–∞–≥–∏–ª–µ–≤—Å–∫–∏–∏ÃÜ –≤ –≥–æ—Å—Ç—è—Ö —É –°–≤–µ—Ç–æ–≤–∞,,,
,CQADAgADmwsAAgNXAUhQiXjzlKJhFwI,5188523916104043419,
"–ú–ï–ñ–î–£ –ú–ê–¢–ï–ú–ê–¢–ò–ö–û–òÃÜ –ò –ë–û–ì–û–ú  –ê–ª–µ–∫—Å–µ–∏ÃÜ –°–∞–≤–≤–∞—Ç–µ–µ–≤ –≤ –≥–æ—Å—Ç—è—Ö —É –ú–∏—Ö–∞–∏–ª–∞ –°–≤–µ—Ç–æ–≤–∞ 
#–ú–∏—Ö–∞–∏–ª_–°–≤–µ—Ç–æ–≤
#–ê–ª–µ–∫—Å–µ–π_–°–∞–≤–≤–∞—Ç–µ–µ–≤",BAADAgADmgsAAgNXAUg0Cj8KexKfSgI,,5188523916104043418
–ú–ï–ñ–î–£ –ú–ê–¢–ï–ú–ê–¢–ò–ö–û–òÃÜ –ò –ë–û–ì–û–ú  –ê–ª–µ–∫—Å–µ–∏ÃÜ –°–∞–≤–≤–∞—Ç–µ–µ–≤ –≤ –≥–æ—Å—Ç—è—Ö —É –ú–∏—Ö–∞–∏–ª–∞ –°–≤–µ—Ç–æ–≤–∞,,,
"#–ú–∏—Ö–∞–∏–ª_–°–≤–µ—Ç–æ–≤ - –±–ª–æ–≥–µ—Ä, –ø—Ä–µ–¥—Å–µ–¥–∞—Ç–µ–ª—å –æ–±—â–µ—Å—Ç–≤–µ–Ω–Ω–æ-–ø–æ–ª–∏—Ç–∏—á–µ—Å–∫–æ–≥–æ –¥–≤–∏–∂–µ–Ω–∏—è ¬´–ì—Ä–∞–∂–¥–∞–Ω—Å–∫–æ–µ –æ–±—â–µ—Å—Ç–≤–æ¬ª, –æ–¥–∏–Ω –∏–∑ –æ—Å–Ω–æ–≤–Ω—ã—Ö –ø–æ–ø—É–ª—è—Ä–∏–∑–∞—Ç–æ—Ä–æ–≤ –ª–∏–±–µ—Ä—Ç–∞—Ä–∏–∞–Ω—Å—Ç–≤–∞ –≤ –†–æ—Å—Å–∏–∏, –æ—Ä–≥–∞–Ω–∏–∑–∞—Ç–æ—Ä —Ä—è–¥–∞ —Ñ–µ–¥–µ—Ä–∞–ª—å–Ω—ã—Ö –º–∏—Ç–∏–Ω–≥o–≤ –Ω–∞ —Ä–∞–∑–ª–∏—á–Ω—ã–µ –æ–±—â–µ—Å—Ç–≤–µ–Ω–Ω—ã–µ —Ç–µ–º—ã. –ü—Ä–∏–≥–ª–∞—à–∞–µ—Ç –Ω–∞ —Å–≤–æ–∏ —Å—Ç—Ä–∏–º—ã —Ä–∞–∑–ª–∏—á–Ω—ã—Ö –ø–µ—Ä—Å–æ–Ω–∞–∂–µ–π –∏ –≤–µ–¥—ë—Ç —Å –Ω–∏–º–∏ –º–µ—Å—Ç–∞–º–∏ –Ω–µ–±–µ–∑—ã–Ω—Ç–µ—Ä–µ—Å–Ω—ã–µ –±–µ—Å–µ–¥—ã.",,,
,CQADAgADcgsAAgNXAUiSFQdVY1eDcgI,5188523916104043378,
"–ó–∞—á–µ–º –∑–∞ –Ω–∞–º–∏ —Å–ª–µ–¥—è—Ç –≤ —Å–æ—Ü—Å–µ—Ç—è—Ö –∏ –∫—Ç–æ –ø—Ä–æ–¥–∞–µ—Ç –Ω–∞—à–∏ –¥–∞–Ω–Ω—ã–µ –ë–æ–ª—å—à–æ–µ –∏–Ω—Ç–µ—Ä–≤—å—é –ø—Ä–æ Big Data 
#–ê—Ä—Ç—É—Ä_–•–∞—á—É—è–Ω",BAADAgADcQsAAgNXAUjGiIdzvduTBAI,,5188523916104043377
–ó–∞—á–µ–º –∑–∞ –Ω–∞–º–∏ —Å–ª–µ–¥—è—Ç –≤ —Å–æ—Ü—Å–µ—Ç—è—Ö –∏ –∫—Ç–æ –ø—Ä–æ–¥–∞–µ—Ç –Ω–∞—à–∏ –¥–∞–Ω–Ω—ã–µ –ë–æ–ª—å—à–æ–µ –∏–Ω—Ç–µ—Ä–≤—å—é –ø—Ä–æ Big Data,,,
,CQADAgADUAsAAgNXAUiSsqKTL8sNJgI,5188523916104043344,
"–ö–∞–∫ –±–æ–ª—å—à–∏–µ –¥–∞–Ω–Ω—ã–µ –º–µ–Ω—è—é—Ç –º–∏—Ä. –°–ª–µ–∂–∫–∞ –≤ —Å–æ—Ü—Å–µ—Ç—è—Ö –∏ BigData.
#–ê—Ä—Ç—É—Ä_–•–∞—á—É—è–Ω",BAADAgADTwsAAgNXAUg7ZE6SoPXJZQI,,5188523916104043343
–ö–∞–∫ –±–æ–ª—å—à–∏–µ –¥–∞–Ω–Ω—ã–µ –º–µ–Ω—è—é—Ç –º–∏—Ä. –°–ª–µ–∂–∫–∞ –≤ —Å–æ—Ü—Å–µ—Ç—è—Ö –∏ BigData.,,,
,CQADAgAD7gwAAgNX-Uvgu49LbdkdBQI,5474502492442070254,
"–ê—Ä—Ç—É—Ä –•–∞—á—É—è–Ω ‚Äî –ù–∞—à–µ —Ö—Ä–∞–Ω–∏–ª–∏—â–µ –¥–ª—è –≤–µ–±-–∞–Ω–∞–ª–∏—Ç–∏–∫–∏ 
#–ê—Ä—Ç—É—Ä_–•–∞—á—É—è–Ω",BAADAgAD7QwAAgNX-UsSNXEv5M2Z8QI,,5474502492442070253
–ê—Ä—Ç—É—Ä –•–∞—á—É—è–Ω ‚Äî –ù–∞—à–µ —Ö—Ä–∞–Ω–∏–ª–∏—â–µ –¥–ª—è –≤–µ–±-–∞–Ω–∞–ª–∏—Ç–∏–∫–∏,,,
,CQADAgAD1QwAAgNX-Uu_pgKbgpTv-AI,5474502492442070229,
"IT –∏ –ø–æ–ª–∏—Ç–∏–∫–∞  SEGOZAVTRA (–ê—Ä—Ç—É—Ä –•–∞—á—É—è–Ω, –ì–∞–≤—Ä –ì–æ—Ä–¥–µ–µ–≤, –ì–∞—Ä–∏–∫ –û–≥–∞–Ω–∏—Å—è–Ω, –°–µ–≤–∞ –õ–æ–≤–∫–∞—á–µ–≤) 
#–ê—Ä—Ç—É—Ä_–•–∞—á—É—è–Ω",BAADAgAD1AwAAgNX-UtHlKWqK1g0BwI,,5474502492442070228
"IT –∏ –ø–æ–ª–∏—Ç–∏–∫–∞  SEGOZAVTRA (–ê—Ä—Ç—É—Ä –•–∞—á—É—è–Ω, –ì–∞–≤—Ä –ì–æ—Ä–¥–µ–µ–≤, –ì–∞—Ä–∏–∫ –û–≥–∞–Ω–∏—Å—è–Ω, –°–µ–≤–∞ –õ–æ–≤–∫–∞—á–µ–≤)",,,
,CQADAgADcwwAAgNX-UtB2fFYgMXeQwI,5474502492442070131,
"–¢–ï–ú–ù–ê–Ø –°–¢–û–†–û–ù–ê. –ü–æ–¥–∫–∞—Å—Ç #1. –ê—Ä—Ç—É—Ä –•–∞—á—É—è–Ω. –ë–ò–ì –î–ê–¢–ê –°–ª–∏–≤ –î–∞–Ω–Ω—ã—Ö  –ì–µ–Ω–µ—Ç–∏—á–µ—Å–∫–æ–µ —Ä–µ–¥–∞–∫—Ç–∏—Ä–æ–≤–∞–Ω–∏–µ –¥–µ—Ç–µ–∏ÃÜ 
#–ê—Ä—Ç—É—Ä_–•–∞—á—É—è–Ω",BAADAgADcgwAAgNX-UvVNF6OLe6jHAI,,5474502492442070130
–¢–ï–ú–ù–ê–Ø –°–¢–û–†–û–ù–ê. –ü–æ–¥–∫–∞—Å—Ç #1. –ê—Ä—Ç—É—Ä –•–∞—á—É—è–Ω. –ë–ò–ì –î–ê–¢–ê –°–ª–∏–≤ –î–∞–Ω–Ω—ã—Ö  –ì–µ–Ω–µ—Ç–∏—á–µ—Å–∫–æ–µ —Ä–µ–¥–∞–∫—Ç–∏—Ä–æ–≤–∞–Ω–∏–µ –¥–µ—Ç–µ–∏ÃÜ,,,
,CQADAgADXgwAAgNX-UswPyg2moC2qgI,5474502492442070110,
"–ú–æ–∂–Ω–æ –ª–∏ –æ–ø—Ä–µ–¥–µ–ª–∏—Ç—å —Ç–µ—Ä—Ä–æ—Ä–∏—Å—Ç–∞ –ø–æ –µ–≥–æ —Ü–∏—Ñ—Ä–æ–≤–æ–º—É —Å–ª–µ–¥—É  –ê—Ä—Ç—É—Ä –•–∞—á—É—è–Ω  –õ–µ–∫—Ç–æ—Ä–∏—É–º 
#–ê—Ä—Ç—É—Ä_–•–∞—á—É—è–Ω",BAADAgADXQwAAgNX-UtEL0FQYvIsjQI,,5474502492442070109
–ú–æ–∂–Ω–æ –ª–∏ –æ–ø—Ä–µ–¥–µ–ª–∏—Ç—å —Ç–µ—Ä—Ä–æ—Ä–∏—Å—Ç–∞ –ø–æ –µ–≥–æ —Ü–∏—Ñ—Ä–æ–≤–æ–º—É —Å–ª–µ–¥—É  –ê—Ä—Ç—É—Ä –•–∞—á—É—è–Ω  –õ–µ–∫—Ç–æ—Ä–∏—É–º,,,
,CQADAgADSQwAAgNX-UsFSGUpvspigwI,5474502492442070089,
"–ß—Ç–æ –ø—Ä–æ–∏—Å—Ö–æ–¥–∏—Ç —Å –≤–∞—à–∏–º–∏ –¥–∞–Ω–Ω—ã–º–∏ –≤ —Å–µ—Ç–∏. –ê—Ä—Ç—É—Ä –•–∞—á—É—è–Ω 
#–ê—Ä—Ç—É—Ä_–•–∞—á—É—è–Ω",BAADAgADSAwAAgNX-Ut1OrJLqQejQgI,,5474502492442070088
–ß—Ç–æ –ø—Ä–æ–∏—Å—Ö–æ–¥–∏—Ç —Å –≤–∞—à–∏–º–∏ –¥–∞–Ω–Ω—ã–º–∏ –≤ —Å–µ—Ç–∏. –ê—Ä—Ç—É—Ä –•–∞—á—É—è–Ω,,,
,CQADAgADJAwAAgNX-UtV53YnkDFSmQI,5474502492442070052,
"–°—É–±–±–æ—Ç–Ω–∏–µ –≤–æ–ø—Ä–æ—Å—ã #22 
#–ê—Ä—Ç—É—Ä_–•–∞—á—É—è–Ω",BAADAgADIwwAAgNX-UuW54BLN7xJTAI,,5474502492442070051
–°—É–±–±–æ—Ç–Ω–∏–µ –≤–æ–ø—Ä–æ—Å—ã #22,,,
,CQADAgAD6AsAAgNX-UspsAnaEAHE2wI,5474502492442069992,
"–ê–Ω–∞–ª–∏–∑ —Å–æ—Ü–∏–∞–ª—å–Ω—ã—Ö —Å–µ—Ç–µ–∏ÃÜ #1 
#–ê—Ä—Ç—É—Ä_–•–∞—á—É—è–Ω",BAADAgAD5wsAAgNX-UshSr7Uq00UtAI,,5474502492442069991
–ê–Ω–∞–ª–∏–∑ —Å–æ—Ü–∏–∞–ª—å–Ω—ã—Ö —Å–µ—Ç–µ–∏ÃÜ #1,,,
,CQADAgADagwAAgjk8UtQp7wpi2Z_xQI,5472405745242737770,
"–ê–Ω–∞–ª–∏–∑ —Å–æ—Ü–∏–∞–ª—å–Ω—ã—Ö —Å–µ—Ç–µ–∏ÃÜ #3 
#–ê—Ä—Ç—É—Ä_–•–∞—á—É—è–Ω",BAADAgADaQwAAgjk8Uvu2Y0hVWUbWwI,,5472405745242737769
–ê–Ω–∞–ª–∏–∑ —Å–æ—Ü–∏–∞–ª—å–Ω—ã—Ö —Å–µ—Ç–µ–∏ÃÜ #3,,,
,CQADAgADFQsAAgjk6Uu-WwyCBFGmcQI,5470153945429052181,
"–ê–Ω–∞–ª–∏–∑ —Å–æ—Ü–∏–∞–ª—å–Ω—ã—Ö —Å–µ—Ç–µ–∏ÃÜ #2 
#–ê—Ä—Ç—É—Ä_–•–∞—á—É—è–Ω",BAADAgADFAsAAgjk6Uv59Ec2-4i4bgI,,5470153945429052180
–ê–Ω–∞–ª–∏–∑ —Å–æ—Ü–∏–∞–ª—å–Ω—ã—Ö —Å–µ—Ç–µ–∏ÃÜ #2,,,
,CQADAgADEAsAAgjk6Ut7Ah1fkXMfYAI,5470153945429052176,
"–°—É–±–±–æ—Ç–Ω–∏–µ –≤–æ–ø—Ä–æ—Å—ã #4 
#–ê—Ä—Ç—É—Ä_–•–∞—á—É—è–Ω",BAADAgADDwsAAgjk6Ut-1312Ikj8_AI,,5470153945429052175
–°—É–±–±–æ—Ç–Ω–∏–µ –≤–æ–ø—Ä–æ—Å—ã #4,,,
,CQADAgADHwoAAgjk6UtQ1Nm66LGTzAI,5470153945429051935,
"–°—É–±–±–æ—Ç–Ω–∏–µ –≤–æ–ø—Ä–æ—Å—ã #1 
#–ê—Ä—Ç—É—Ä_–•–∞—á—É—è–Ω",BAADAgADHgoAAgjk6UtB4HmH5_vnmAI,,5470153945429051934
–°—É–±–±–æ—Ç–Ω–∏–µ –≤–æ–ø—Ä–æ—Å—ã #1,,,
,CQADAgADFgoAAgjk6UsD1r8aEE1O-QI,5470153945429051926,
"–°—É–±–±–æ—Ç–Ω–∏–µ –≤–æ–ø—Ä–æ—Å—ã #2 
#–ê—Ä—Ç—É—Ä_–•–∞—á—É—è–Ω",BAADAgADFQoAAgjk6UsWxLxNKTOrYwI,,5470153945429051925
–°—É–±–±–æ—Ç–Ω–∏–µ –≤–æ–ø—Ä–æ—Å—ã #2,,,
,CQADAgAD7gkAAgjk6Ut55ye6D6ZVkQI,5470153945429051886,
"–°—É–±–±–æ—Ç–Ω–∏–µ –≤–æ–ø—Ä–æ—Å—ã #3 
#–ê—Ä—Ç—É—Ä_–•–∞—á—É—è–Ω",BAADAgAD7QkAAgjk6UsTcmcs2y4ZzwI,,5470153945429051885
–°—É–±–±–æ—Ç–Ω–∏–µ –≤–æ–ø—Ä–æ—Å—ã #3,,,
,CQADAgADWQ0AAgjk4UuyBJLfbWkZvwI,5467902145615367513,
"–°—É–±–±–æ—Ç–Ω–∏–µ –≤–æ–ø—Ä–æ—Å—ã #5 
#–ê—Ä—Ç—É—Ä_–•–∞—á—É—è–Ω",BAADAgADWA0AAgjk4Uv8ghONJuPANQI,,5467902145615367512
–°—É–±–±–æ—Ç–Ω–∏–µ –≤–æ–ø—Ä–æ—Å—ã #5,,,
,CQADAgADGwwAAgjk4UsFo7g-yEEz7gI,5467902145615367195,
"–°—É–±–±–æ—Ç–Ω–∏–µ –≤–æ–ø—Ä–æ—Å—ã #6 
#–ê—Ä—Ç—É—Ä_–•–∞—á—É—è–Ω",BAADAgADGgwAAgjk4UtmowKkjqYKXAI,,5467902145615367194
–°—É–±–±–æ—Ç–Ω–∏–µ –≤–æ–ø—Ä–æ—Å—ã #6,,,
,CQADAgADFAwAAgjk4UsLmra1c32-ZwI,5467902145615367188,
"–°—É–±–±–æ—Ç–Ω–∏–µ –≤–æ–ø—Ä–æ—Å—ã #7 
#–ê—Ä—Ç—É—Ä_–•–∞—á—É—è–Ω",BAADAgADEwwAAgjk4UvlPHkG_Qap8gI,,5467902145615367187
–°—É–±–±–æ—Ç–Ω–∏–µ –≤–æ–ø—Ä–æ—Å—ã #7,,,
,CQADAgADDwwAAgjk4Utdw2iu6rhsrAI,5467902145615367183,
"–°—É–±–±–æ—Ç–Ω–∏–µ –≤–æ–ø—Ä–æ—Å—ã #8 
#–ê—Ä—Ç—É—Ä_–•–∞—á—É—è–Ω",BAADAgADDgwAAgjk4UvNsvEQYejryQI,,5467902145615367182
–°—É–±–±–æ—Ç–Ω–∏–µ –≤–æ–ø—Ä–æ—Å—ã #8,,,
,CQADAgADEA0AAr264EvgcM_AiIAWHwI,5467575268539370768,
"–°—É–±–±–æ—Ç–Ω–∏–µ –≤–æ–ø—Ä–æ—Å—ã #9 
#–ê—Ä—Ç—É—Ä_–•–∞—á—É—è–Ω",BAADAgADDw0AAr264Eu9yn56h0w6RwI,,5467575268539370767
–°—É–±–±–æ—Ç–Ω–∏–µ –≤–æ–ø—Ä–æ—Å—ã #9,,,
,CQADAgADwQwAAr262EvlsjqCVxJ1MQI,5465323468725685441,
"–°—É–±–±–æ—Ç–Ω–∏–µ –≤–æ–ø—Ä–æ—Å—ã #10 
#–ê—Ä—Ç—É—Ä_–•–∞—á—É—è–Ω",BAADAgADwAwAAr262Ev8lRqxFc2VNQI,,5465323468725685440
–°—É–±–±–æ—Ç–Ω–∏–µ –≤–æ–ø—Ä–æ—Å—ã #10,,,
,CQADAgADvwwAAr262EsUmCWYGO2IGAI,5465323468725685439,
"–°—É–±–±–æ—Ç–Ω–∏–µ –≤–æ–ø—Ä–æ—Å—ã #12 
#–ê—Ä—Ç—É—Ä_–•–∞—á—É—è–Ω",BAADAgADvgwAAr262Es1Oddz1wpwtAI,,5465323468725685438
–°—É–±–±–æ—Ç–Ω–∏–µ –≤–æ–ø—Ä–æ—Å—ã #12,,,
,CQADAgADvQwAAr262EtydCedtqDZ8wI,5465323468725685437,
"–°—É–±–±–æ—Ç–Ω–∏–µ –≤–æ–ø—Ä–æ—Å—ã #11 
#–ê—Ä—Ç—É—Ä_–•–∞—á—É—è–Ω",BAADAgADvAwAAr262EtlkMbaA75btgI,,5465323468725685436
–°—É–±–±–æ—Ç–Ω–∏–µ –≤–æ–ø—Ä–æ—Å—ã #11,,,
,CQADAgADuwwAAr262EvbhXyX2aPudwI,5465323468725685435,
"–°—É–±–±–æ—Ç–Ω–∏–µ –≤–æ–ø—Ä–æ—Å—ã #13 
#–ê—Ä—Ç—É—Ä_–•–∞—á—É—è–Ω",BAADAgADugwAAr262EuGvDok00LxxAI,,5465323468725685434
–°—É–±–±–æ—Ç–Ω–∏–µ –≤–æ–ø—Ä–æ—Å—ã #13,,,
,CQADAgADjQwAAr262Et40JFGW50O-QI,5465323468725685389,
"–°—É–±–±–æ—Ç–Ω–∏–µ –≤–æ–ø—Ä–æ—Å—ã #14 
#–ê—Ä—Ç—É—Ä_–•–∞—á—É—è–Ω",BAADAgADjAwAAr262EsHNlLTjiQwYQI,,5465323468725685388
–°—É–±–±–æ—Ç–Ω–∏–µ –≤–æ–ø—Ä–æ—Å—ã #14,,,
,CQADAgADigwAAr262Euaga5Jd5XCEgI,5465323468725685386,
"–°—É–±–±–æ—Ç–Ω–∏–µ –≤–æ–ø—Ä–æ—Å—ã #15 
#–ê—Ä—Ç—É—Ä_–•–∞—á—É—è–Ω",BAADAgADiQwAAr262EuwYfb4KkvtmAI,,5465323468725685385
–°—É–±–±–æ—Ç–Ω–∏–µ –≤–æ–ø—Ä–æ—Å—ã #15,,,
,CQADAgADdAwAAr262EsSadD6Y4PfQgI,5465323468725685364,
"–°—É–±–±–æ—Ç–Ω–∏–µ –≤–æ–ø—Ä–æ—Å—ã #16 
#–ê—Ä—Ç—É—Ä_–•–∞—á—É—è–Ω",BAADAgADcwwAAr262Etd1eeni-wf_wI,,5465323468725685363
–°—É–±–±–æ—Ç–Ω–∏–µ –≤–æ–ø—Ä–æ—Å—ã #16,,,
,CQADAgADVgwAAr262Es-njqpHtQccAI,5465323468725685334,
"–°—É–±–±–æ—Ç–Ω–∏–µ –≤–æ–ø—Ä–æ—Å—ã #17 
#–ê—Ä—Ç—É—Ä_–•–∞—á—É—è–Ω",BAADAgADVQwAAr262Eu2yqiaHUfsygI,,5465323468725685333
–°—É–±–±–æ—Ç–Ω–∏–µ –≤–æ–ø—Ä–æ—Å—ã #17,,,
,CQADAgADHgwAAr262EtqXXSBaWaxTQI,5465323468725685278,
"–°—É–±–±–æ—Ç–Ω–∏–µ –≤–æ–ø—Ä–æ—Å—ã #18 
#–ê—Ä—Ç—É—Ä_–•–∞—á—É—è–Ω",BAADAgADHQwAAr262EsMCSy8jHj6HwI,,5465323468725685277
–°—É–±–±–æ—Ç–Ω–∏–µ –≤–æ–ø—Ä–æ—Å—ã #18,,,
,CQADAgAD0AsAAr260EtpAbQDtOWL9gI,5463071668911999952,
"–°—É–±–±–æ—Ç–Ω–∏–µ –≤–æ–ø—Ä–æ—Å—ã #19
#–ê—Ä—Ç—É—Ä_–•–∞—á—É—è–Ω",BAADAgADzwsAAr260Eu2QTah2Q5pUQI,,5463071668911999951
–°—É–±–±–æ—Ç–Ω–∏–µ –≤–æ–ø—Ä–æ—Å—ã #19,,,
,CQADAgADaQsAAr260Etv1WLs5NPlwwI,5463071668911999849,
"–°—É–±–±–æ—Ç–Ω–∏–µ –≤–æ–ø—Ä–æ—Å—ã #20
#–ê—Ä—Ç—É—Ä_–•–∞—á—É—è–Ω",BAADAgADaAsAAr260Eu5KxcdsgL4OwI,,5463071668911999848
–°—É–±–±–æ—Ç–Ω–∏–µ –≤–æ–ø—Ä–æ—Å—ã #20,,,
,CQADAgADUwkAAtuo0EunGPiopI-ilgI,5463052006551718227,
"–°—É–±–±–æ—Ç–Ω–∏–µ –≤–æ–ø—Ä–æ—Å—ã #21
#–ê—Ä—Ç—É—Ä_–•–∞—á—É—è–Ω",BAADAgADUgkAAtuo0EsRVJzoDI076QI,,5463052006551718226
–°—É–±–±–æ—Ç–Ω–∏–µ –≤–æ–ø—Ä–æ—Å—ã #21,,,
"#–ê—Ä—Ç—É—Ä_–•–∞—á—É—è–Ω
–†–∞–∑–≥–æ–≤–æ—Ä—ã –Ω–∞ —Ç–µ–º—É –ª–∏—á–Ω–æ–π –∏–Ω—Ñ–æ—Ä–º–∞—Ü–∏–∏ –∏ –¥–∞–Ω–Ω—ã—Ö –≤ —Å–µ—Ç–∏, —Ü–∏—Ñ—Ä–æ–≤–æ–º—É —Å–ª–µ–¥—É - —Å—É–∂–¥–µ–Ω–∏—è –ê—Ä—Ç—É—Ä–∞ –•–∞—á—É—è–Ω–∞ - —Å–ø–µ—Ü–∏–∞–ª–∏—Å—Ç–∞ –ø–æ –æ–±—Ä–∞–±–æ—Ç–∫–µ –±–æ–ª—å—à–∏—Ö –¥–∞–Ω–Ω—ã—Ö –∏–∑ –æ—Ç–∫—Ä—ã—Ç—ã—Ö –∏—Å—Ç–æ—á–Ω–∏–∫–æ–≤. 

–°—É–±–±–æ—Ç–Ω–∏–µ –≤–æ–ø—Ä–æ—Å—ã - –≤–µ—á–µ—Ä–Ω–∏–µ —Å—Ç—Ä–∏–º—ã –ê—Ä—Ç—É—Ä–∞ –•–∞—á—É—è–Ω–∞, –Ω–∞ –∫–æ—Ç–æ—Ä—ã—Ö –æ–Ω –¥–µ–ª–∏—Ç—Å—è —á–µ–º-—Ç–æ –Ω–æ–≤—ã–º, –ø—Ä–æ–∏–∑–æ—à–µ–¥—à–∏–º –Ω–∞ —ç—Ç–æ–π –Ω–µ–¥–µ–ª–µ, –æ—Ç–≤–µ—á–∞–µ—Ç –Ω–∞ –≤–æ–ø—Ä–æ—Å—ã.",,,
,CQADAgADLw8AArgJsUvajtb6AmIgtgI,5454151309601017647,
–ë–∞–∫–∞–ª–∞–≤—Ä–∏–∞—Ç –∏–º. –ß–µ–±—ã—à–µ–≤–∞  –ú–ö–ù –°–ü–ë–ì–£  –í–æ—Å–∫—Ä–µ—Å–Ω—ã–∏ÃÜ podcast 11,BAADAgADLQ8AArgJsUuob7bAo0L80gI,,5454151309601017645
AR | –°—Ç—Ä–µ—Å—Å –∏ —É—Å—Ç–æ–π—á–∏–≤–æ—Å—Ç—å. –ù–µ –Ω–µ—Ä–≤–Ω–∏—á–∞–π –ö–∞–∫ —Å—Ç–∞—Ç—å –Ω–µ–ø—Ä–æ–±–∏–≤–∞–µ–º—ã–º,AgADBAAD7qsxG51inFOE8OXcDoMeewaPISpdAAt7dQQAAQI,,
,CQADAgADtgwAAiZ5kEsnMN_cfEHCzwI,5444985153606651062,
AR | –°—Ç—Ä–µ—Å—Å –∏ —É—Å—Ç–æ–π—á–∏–≤–æ—Å—Ç—å. –ù–µ –Ω–µ—Ä–≤–Ω–∏—á–∞–π –ö–∞–∫ —Å—Ç–∞—Ç—å –Ω–µ–ø—Ä–æ–±–∏–≤–∞–µ–º—ã–º,BAADAgADtQwAAiZ5kEshA6TYzBlxKwI,,5444985153606651061
,,,
,CQADAgADJw0AAjHmcUs0MERLUVRl-AI,5436379323340688679,
"AR | –¢–µ–ª–µ–≤–∏–∑–æ—Ä –∏ –Ω–æ–≤–æ—Å—Ç–∏. –õ–µ–Ω—Ç–∞ –≤ —Å–æ—Ü—Å–µ—Ç–∏. –í–∏–¥–µ–æ –Ω–∞ —é—Ç—É–±–µ. –ö–∞–∫ –ª–∏—à–Ω—è—è –∏–Ω—Ñ–æ—Ä–º–∞—Ü–∏—è –¥–µ–ª–∞–µ—Ç —Ç–µ–±—è –≥–ª—É–ø–µ–µ.

–î–ª—è —Å–ø—Ä–∞–≤–∫–∏: —ç—Ç–æ—Ç –≤–µ–± –Ω–∞ 35 –º–∏–Ω—É—Ç –∫–æ—Ä–æ—á–µ –æ—Ä–≥–∏–Ω–∞–ª–∞.",BAADAgADJg0AAjHmcUsqAAHQGLlY4yYC,,5436379323340688678
,CQADAgADpw4AAjHmaUuVkT-66seZTwI,5434127523527003815,
AR | –ß–µ–º —è –Ω–∞ —Å–∞–º–æ–º –¥–µ–ª–µ –∑–∞–Ω–∏–º–∞—é—Å—å –ß—Ç–æ –ø—Ä–æ–∏—Å—Ö–æ–¥–∏—Ç —Å–µ–∏ÃÜ—á–∞—Å –≤ –º–æ–µ–∏ÃÜ –∂–∏–∑–Ω–∏ –ù–µ–º–Ω–æ–≥–æ (–º–Ω–æ–≥–æ) –æ—Ç–∫—Ä–æ–≤–µ–Ω–∏–π,BAADAgADpg4AAjHmaUu5UJ8WdyRrUgI,,5434127523527003814
,CQADAgADhQwAApFJSEtVQFIR1mMNegI,5424666638286851205,
–ü–æ–¥–∫–∞—Å—Ç –æ –ø—Ä–µ–∫—Ä–∞—Å–Ω–æ–∏ÃÜ –†–æ—Å—Å–∏–∏ –±—É–¥—É—â–µ–≥–æ (–ê—Ä—Ç—ë–º –†—É—Å–∞–∫–æ–≤–∏—á),BAADAgADhAwAApFJSEukWHaFCtXUYAI,,5424666638286851204
,CQADAgADQAwAApFJSEs9d0wvBzngDAI,5424666638286851136,
–ö—É—Ä—É–∫–∏–Ω –î–∏—Å–∫—É—Å—Å–∏–æ–Ω–Ω—ã–µ –≤–æ–ø—Ä–æ—Å—ã XVIII –≤–µ–∫–∞,BAADAgADPwwAApFJSEvUuVUgOR-YHAI,,5424666638286851135
,CQADAgAD7gsAApFJSEs0iWsPnjzbfQI,5424666638286851054,
–ò–ú–•–û  –ë–æ—Ç–∞–Ω VS –†–∞–∑–¥–æ–ª–± #–¥—Ä—Ñ–ø–º–∏2021,BAADAgAD7QsAApFJSEuBlT1Xd7C_ZAI,,5424666638286851053
,CQADAgADvggAAnZLOUtPlFlY3DXcvAI,5420446596695328958,
–ú–æ—Ä–æ–∑–æ–≤ –ê.–Æ. –æ –ï–ì–≠ –ø–æ –∏—Å—Ç–æ—Ä–∏–∏,BAADAgADvQgAAnZLOUsToKomz-6m1wI,,5420446596695328957
,CQADAgADnggAAnZLOUumyHKMQr-YQwI,5420446596695328926,
–ó–∞–ø–∏—Å—å —Å—Ç—Ä–∏–º–∞ –ø–æ —Å–ª—É—á–∞—é 100.000 –ø–æ–¥–ø–∏—Å—á–∏–∫–æ–≤ –Ω–∞ –æ—Å–Ω–æ–≤–Ω–æ–º –∫–∞–Ω–∞–ª–µ  –ë–æ—Ä–∏—Å –¢—Ä—É—à–∏–Ω,BAADAgADnQgAAnZLOUuskQyMeUF_3QI,,5420446596695328925
,CQADAgADUggAAnZLOUtDhR0mSUvjKwI,5420446596695328850,
AR | –î–µ—Ç–µ—Ä–º–∏–Ω–∏–∑–º –∏ —Å–≤–æ–±–æ–¥–∞ –≤–æ–ª–∏. –ö–∞–∫ —Ñ–∏–ª–æ—Å–æ—Ñ–∏—è —Å–æ–∑–Ω–∞–Ω–∏—è –ø–æ–º–æ–≥–∞–µ—Ç –∂–∏—Ç—å –∏ —Ä–∞–∑–≤–∏–≤–∞—Ç—å—Å—è,BAADAgADUQgAAnZLOUuPWoIRpxr8MAI,,5420446596695328849
,CQADAgAD7g4AAhl0MUskpNpNbjTASQI,5418239477426425582,
–ó–∞—á–µ–º –Ω—É–∂–Ω–∞ –º–∞—Ç–µ–º–∞—Ç–∏–∫–∞ - –æ–±—ä—è—Å–Ω–µ–Ω–∏–µ –¥–ª—è —à–∫–æ–ª—å–Ω–∏–∫–æ–≤,BAADAgAD7Q4AAhl0MUv7e4xK77irzgI,,5418239477426425581
,CQADAgADXA4AAhl0MUsB-rsLJWbldAI,5418239477426425436,
"–ú–∞—Ç—Ñ–∞–∫ –í–®–≠, —Å–æ–≤–±–∞–∫ –í–®–≠ –∏ –†–≠–®, —à–∫–æ–ª–∞ –¶–ü–ú, –ê–ü–û  –ê–Ω—è –°–æ–∫–æ–ª–æ–≤–∞ –∏ –ê–ª–µ–∫—Å–µ–∏ÃÜ –ë—É—á–Ω–µ–≤ (–í–æ—Å–∫—Ä–µc–Ω—ã–∏ÃÜ Podcast 6)",BAADAgADWw4AAhl0MUsLbIgiz2FQEgI,,5418239477426425435
,CQADAgADPg0AAhl0MUsfWZoabWhXuwI,5418239477426425150,
"–í–®–≠, —à–∫–æ–ª–∞ –õ–µ—Ç–æ–≤–æ, –§–æ–∫—Å—Ñ–æ—Ä–¥, —Å—Ç–∞–∂–∏—Ä–æ–≤–∫–∞ –≤ Google   –ü–∞–≤–µ–ª –∏ –ï–≤–≥–µ–Ω–∏—è –¢—Ä—É—Ñ–∞–Ω–æ–≤—ã (–í–æ—Å–∫—Ä–µ—Å–Ω—ã–∏ÃÜ podcast 5)",BAADAgADPQ0AAhl0MUvNQsewtMcfbAI,,5418239477426425149
,CQADAgADiw8AAsavGEviNHdRQ8TrkAI,5411268217224040331,
"–°—Ç—É–¥–µ–Ω—Ç—ã –±–∏–æ—Ñ–∞–∫–∞ –ú–ì–£, –°–∏—Ä–∏—É—Å, –®–ú–¢–ë, COVID  –ê–ª–µ–∫—Å–∞–Ω–¥—Ä –†—É—Å–∏–Ω–æ–≤, –î–µ–Ω–∏—Å –õ–∏—Å–∏—Ü–∫–∏–∏ÃÜ (–í–æ—Å–∫—Ä–µ—Å–Ω—ã–∏ÃÜ Podcast 7)",BAADAgADig8AAsavGEupgnbf7jW4NQI,,5411268217224040330
,CQADAgADmA4AAsavGEst_LTdg8l2SQI,5411268217224040088,
"–°—Ç—É–¥–µ–Ω—Ç—ã –ú–µ—Ö–º–∞—Ç–∞ –ú–ì–£ ‚Äî —É—á–µ–±–∞, –ù–ú–£, –Ω–æ–æ—Ç—Ä–æ–ø—ã  –§–µ–¥–æ—Ä –í—ã–ª–µ–≥–∂–∞–Ω–∏–Ω, –ù–∏–∫–∏—Ç–∞ –ï–ª—Ñ–∏–º–æ–≤ (–í–æ—Å–∫—Ä–µ—Å–Ω—ã–∏ÃÜ podcast 4)",BAADAgADlw4AAsavGEvsearRfL8eLgI,,5411268217224040087
,CQADAgADCQ0AAsavGEse0K9J3BQlAQI,5411268217224039689,
"–ì–µ–æ–ª–æ–≥–∏—á–µ—Å–∫–∏–∏ÃÜ —Ñ–∞–∫—É–ª—å—Ç–µ—Ç –ú–ì–£, –Ω–µ—Ñ—Ç—è–Ω–∫–∞  –Æ–ª–∏—è –ö—É–∫—É–ª–∞ –∏ –ë–æ—Ä–∏—Å –°–ø–∏—Ä–∏–Ω  (–í–æ—Å–∫—Ä–µ—Å–Ω—ã–∏ÃÜ Podcast 2)",BAADAgADCA0AAsavGEvzOvydNeMEdAI,,5411268217224039688
,CQADAgADiwwAAjehCEu7Hw5yfswiTgI,5406748610253556875,
"–ì–µ–æ–ª–æ–≥–∏—á–µ—Å–∫–∏–∏ÃÜ —Ñ–∞–∫—É–ª—å—Ç–µ—Ç –ú–ì–£  –Ω–µ—Ñ—Ç—è–Ω–∫–∞, —Ä–∞–∑—Ä–∞–±–æ—Ç–∫–∞ –∏ –∏–Ω–∂–µ–Ω–µ—Ä–Ω–∞—è –≥–µ–æ–ª–æ–≥–∏—è (–í–æ—Å–∫—Ä–µ—Å–Ω—ã–∏ÃÜ Podcast 1)",BAADAgADigwAAjehCEsEMUSrWpNPpgI,,5406748610253556874
,AgADAgAD-rIxG0VMEEtI_IREfyFm4BG0maEuAAvGYgACAg,,
,CQADAgADkwsAArh5AAFLlQABqoBcuo8TAg,5404453384025541523,
"–ü—Ä–æ –æ–ª–∏–º–ø–∏–∞–¥—É –§–∏–∑—Ç–µ—Ö, –ï–ì–≠, –∫—É—Ä—Å—ã –∏ –Ω–∞—É–∫—É   –ü–æ–±–æ–ª—Ç–∞–ª–∏ –≤ –∏–Ωc—Ç–∞–≥—Ä–∞–º–µ #006   12.01.2021   –ë–æ—Ä–∏—Å –¢—Ä—É—à–∏–Ω",BAADAgADkgsAArh5AAFLMl7pAAEhvATMAg,,5404453384025541522
"_–ü—Ä–æ –æ–ª–∏–º–ø–∏–∞–¥—É –§–∏–∑—Ç–µ—Ö, –ï–ì–≠, –∫—É—Ä—Å—ã –∏ –Ω–∞—É–∫—É   –ü–æ–±–æ–ª—Ç–∞–ª–∏ –≤ –∏–Ωc—Ç–∞–≥—Ä–∞–º–µ #006   12.01.2021   –ë–æ—Ä–∏—Å –¢—Ä—É—à–∏–Ω",,,
,CQADAgADdwsAArh5AAFLrUG4yd6MFE8C,5404453384025541495,
"_–°—Ç—Ä–∏–º –ø—Ä–æ –ø–æ–±–æ–ª—Ç–∞—Ç—å   4 –≥–æ–¥–∞ –æ—Å–Ω–æ–≤–Ω–æ–º—É –∫–∞–Ω–∞–ª—É, 150–∫ –ø–æ–¥–ø–∏—Å—á–∏–∫–æ–≤, 15–ú –ø—Ä–æ—Å–º–æ—Ç—Ä–æ–≤   –ë–æ—Ä–∏—Å –¢—Ä—É—à–∏–Ω",BAADAgADdgsAArh5AAFLMNjyEil1xhIC,,5404453384025541494
"_–°—Ç—Ä–∏–º –ø—Ä–æ –ø–æ–±–æ–ª—Ç–∞—Ç—å   4 –≥–æ–¥–∞ –æ—Å–Ω–æ–≤–Ω–æ–º—É –∫–∞–Ω–∞–ª—É, 150–∫ –ø–æ–¥–ø–∏—Å—á–∏–∫–æ–≤, 15–ú –ø—Ä–æ—Å–º–æ—Ç—Ä–æ–≤   –ë–æ—Ä–∏—Å –¢—Ä—É—à–∏–Ω",,,
,CQADAgADzAoAArh5AAFLbqch4Hxiz7QC,5404453384025541324,
_–ê—Å—è –ö–∞–∑–∞–Ω—Ü–µ–≤–∞. –ó–∞–≥–∞–¥–∫–∏ —Å–Ω–∞. –ù–∞ —á—Ç–æ —É—Ö–æ–¥–∏—Ç —Ç—Ä–µ—Ç—å –∂–∏–∑–Ω–∏,BAADAgADywoAArh5AAFLzekkXy2cT-UC,,5404453384025541323
_–ê—Å—è –ö–∞–∑–∞–Ω—Ü–µ–≤–∞. –ó–∞–≥–∞–¥–∫–∏ —Å–Ω–∞. –ù–∞ —á—Ç–æ —É—Ö–æ–¥–∏—Ç —Ç—Ä–µ—Ç—å –∂–∏–∑–Ω–∏,,,
,CQADAgAD_QoAArh5-EpgxtzmsAQNfAI,5402201584211856125,
"_–ê—Å—è –ö–∞–∑–∞–Ω—Ü–µ–≤–∞ –ø—Ä–æ —Å–∏–ª—É –≤–æ–ª–∏, –ø—Ä–æ–∫—Ä–∞—Å—Ç–∏–Ω–∞—Ü–∏—é, –ø—Ä–∏–≤—ã—á–∫–∏, –∑–∞–≤–∏—Å–∏–º–æ—Å—Ç–∏ –∏ —Å—á–∞—Å—Ç—å–µ",BAADAgAD_AoAArh5-Eo6aUGY_2wCoQI,,5402201584211856124
"_–ê—Å—è –ö–∞–∑–∞–Ω—Ü–µ–≤–∞ –ø—Ä–æ —Å–∏–ª—É –≤–æ–ª–∏, –ø—Ä–æ–∫—Ä–∞—Å—Ç–∏–Ω–∞—Ü–∏—é, –ø—Ä–∏–≤—ã—á–∫–∏, –∑–∞–≤–∏—Å–∏–º–æ—Å—Ç–∏ –∏ —Å—á–∞—Å—Ç—å–µ",,,
,CQADAgAD3AoAArh5-EoCCDsJLMB5pwI,5402201584211856092,
"_–°—Ç–∞–Ω—å —É—á–µÃà–Ω—ã–º!   –ò–Ω—Ç–µ—Ä–≤—å—é  –ê—Å—è –ö–∞–∑–∞–Ω—Ü–µ–≤–∞ - –û –∫–∞—Ä—å–µ—Ä–µ, —É—á–µ–±–µ –∏ —Ä–∞—Ü–∏–æ–Ω–∞–ª—å–Ω–æ–º –º—ã—à–ª–µ–Ω–∏–∏",BAADAgAD2woAArh5-Erb1elq_PoupgI,,5402201584211856091
"_–°—Ç–∞–Ω—å —É—á–µÃà–Ω—ã–º!   –ò–Ω—Ç–µ—Ä–≤—å—é  –ê—Å—è –ö–∞–∑–∞–Ω—Ü–µ–≤–∞ - –û –∫–∞—Ä—å–µ—Ä–µ, —É—á–µ–±–µ –∏ —Ä–∞—Ü–∏–æ–Ω–∞–ª—å–Ω–æ–º –º—ã—à–ª–µ–Ω–∏–∏",,,
,CQADAgADqwsAAu1Y8Ere3bLnGud7fgI,5399913728147721131,
_More Knowledge ‚Äì –ê—Å—è –ö–∞–∑–∞–Ω—Ü–µ–≤–∞ ‚Äì –ó–∞—á–µ–º –Ω—É–∂–Ω–æ —Å–ø–∞—Ç—å,BAADAgADqgsAAu1Y8ErriJetgz83-QI,,5399913728147721130
_More Knowledge ‚Äì –ê—Å—è –ö–∞–∑–∞–Ω—Ü–µ–≤–∞ ‚Äì –ó–∞—á–µ–º –Ω—É–∂–Ω–æ —Å–ø–∞—Ç—å,,,
,CQADAgADIwsAAu1Y8EoGhBLt-abZcwI,5399913728147720995,
"_–ò–≥—Ä–∞ –ì–æ  –∏—Å—Ç–æ—Ä–∏—è –≤ –†–æ—Å—Å–∏–∏, –ø—Ä–∞–≤–∏–ª–∞ –∏ –ø—Ä–∏–º–µ–Ω–µ–Ω–∏–µ –≤ –ø–æ–ª–∏—Ç–∏–∫–µ   –†–æ–º–∞–Ω –Æ–Ω–µ–º–∞–Ω –∏ –ü–∞–≤–µ–ª –ê–≤—Ä–∞–∞–º–æ–≤",BAADAgADIgsAAu1Y8ErFHX4ecu2_hwI,,5399913728147720994
"_–ò–≥—Ä–∞ –ì–æ  –∏—Å—Ç–æ—Ä–∏—è –≤ –†–æ—Å—Å–∏–∏, –ø—Ä–∞–≤–∏–ª–∞ –∏ –ø—Ä–∏–º–µ–Ω–µ–Ω–∏–µ –≤ –ø–æ–ª–∏—Ç–∏–∫–µ   –†–æ–º–∞–Ω –Æ–Ω–µ–º–∞–Ω –∏ –ü–∞–≤–µ–ª –ê–≤—Ä–∞–∞–º–æ–≤",,,
,CQADAgADIQ0AAu1Y6EqFXzhQdz9bGwI,5397661928334036257,
"_–õ–∏—Ü–µ–∏ÃÜ 239, –í–®–≠, –æ–ª–∏–º–ø–∏–∞–¥—ã, –ë–æ–≥–¥–∞–Ω –ß–µ—á–∏–Ω –∏ –ê–ª–µ–∫—Å–∞–Ω–¥—Ä –ó–∞—Ö–∞—Ä–∫–æ–≤ (–í–æ—Å–∫—Ä–µ—Å–Ω—ã–∏ÃÜ Podcast 3)",BAADAgADIA0AAu1Y6Eoepo77U4Z2nAI,,5397661928334036256
"–õ–∏—Ü–µ–∏ÃÜ 239, –í–®–≠, –æ–ª–∏–º–ø–∏–∞–¥—ã, –ü—É—Ç–∏–Ω, –ë–æ–≥–¥–∞–Ω –ß–µ—á–∏–Ω –∏ –ê–ª–µ–∫—Å–∞–Ω–¥—Ä –ó–∞—Ö–∞—Ä–∫–æ–≤ (–í–æ—Å–∫—Ä–µ—Å–Ω—ã–∏ÃÜ Podcast 3)",,,
,CQADAgADdw0AAu1Y4EoBowPQIgtKogI,5395410128520351095,
"_–°–∞–≤–≤–∞—Ç–µ–µ–≤ - –ø—Ä–æ —Ä–æ—Å—Å–∏–∏ÃÜ—Å–∫–æ–µ –æ–±—Ä–∞–∑–æ–≤–∞–Ω–∏–µ, —Ä–µ–ª–∏–≥–∏—é –∏ –ø—å—è–Ω—Å—Ç–≤–æ",BAADAgADdg0AAu1Y4EpuTsNr0M_ZNAI,,5395410128520351094
"_–°–∞–≤–≤–∞—Ç–µ–µ–≤ - –ø—Ä–æ —Ä–æ—Å—Å–∏–∏ÃÜ—Å–∫–æ–µ –æ–±—Ä–∞–∑–æ–≤–∞–Ω–∏–µ, —Ä–µ–ª–∏–≥–∏—é –∏ –ø—å—è–Ω—Å—Ç–≤–æ",,,
,CQADAgADwAwAApl50EphSIlu7saonAI,5390942451999444160,
_–ê—Å—è –ö–∞–∑–∞–Ω—Ü–µ–≤–∞ - –ö–∞–∫ –º–æ–∑–≥ –ø—Ä–∏–Ω–∏–º–∞–µ—Ç —Ä–µ—à–µ–Ω–∏—è  (–õ–µ–∫—Ü–∏—è 2019),BAADAgADvwwAApl50Eq4FpmsKNdZQQI,,5390942451999444159
_–ê—Å—è –ö–∞–∑–∞–Ω—Ü–µ–≤–∞ - –ö–∞–∫ –º–æ–∑–≥ –ø—Ä–∏–Ω–∏–º–∞–µ—Ç —Ä–µ—à–µ–Ω–∏—è  (–õ–µ–∫—Ü–∏—è 2019),,,
,CQADAgADawwAApl50Eo9tw3VRgI-DwI,5390942451999444075,
_–°–µ–∫—Å—É–∞–ª—å–Ω–∞—è –æ—Ä–∏–µ–Ω—Ç–∞—Ü–∏—è. –§–∞–∫—Ç–æ—Ä—ã —Ñ–æ—Ä–º–∏—Ä–æ–≤–∞–Ω–∏—è. –ê—Å—è –ö–∞–∑–∞–Ω—Ü–µ–≤–∞,BAADAgADagwAApl50Ep-ufj5vQW4hQI,,5390942451999444074
_–°–µ–∫—Å—É–∞–ª—å–Ω–∞—è –æ—Ä–∏–µ–Ω—Ç–∞—Ü–∏—è. –§–∞–∫—Ç–æ—Ä—ã —Ñ–æ—Ä–º–∏—Ä–æ–≤–∞–Ω–∏—è. –ê—Å—è –ö–∞–∑–∞–Ω—Ü–µ–≤–∞,,,
,CQADAgADEgwAApl50ErliLpJQqXOcAI,5390942451999443986,
_–ö–∞–∫ —Å–ø–æ—Ä—Ç –≤–ª–∏—è–µ—Ç –Ω–∞ –º–æ–∑–≥  ‚Äì –ê—Å—è –ö–∞–∑–∞–Ω—Ü–µ–≤–∞,BAADAgADEQwAApl50EpoQt4ZrK2aVAI,,5390942451999443985
_–ö–∞–∫ —Å–ø–æ—Ä—Ç –≤–ª–∏—è–µ—Ç –Ω–∞ –º–æ–∑–≥  ‚Äì –ê—Å—è –ö–∞–∑–∞–Ω—Ü–µ–≤–∞,,,
,CQADAgADDAwAApl50EoZofHelEKkdQI,5390942451999443980,
"_–ê—Å—è –ö–∞–∑–∞–Ω—Ü–µ–≤–∞. –ú–æ–∑–≥, –∫–∞–∫ –Ω–µ –≥–ª—É–ø–µ—Ç—å, –ø—Ä–∞–≤–∏–ª—å–Ω–æ –∏—Å–ø–æ–ª—å–∑–æ–≤–∞—Ç—å —ç–º–æ—Ü–∏–∏ –∏ –ø–æ–º–Ω–∏—Ç—å, —á—Ç–æ –æ–Ω –º–∞—Ç–µ—Ä–∏–∞–ª–µ–Ω",BAADAgADCwwAApl50EpwU8bZupyDCAI,,5390942451999443979
"_–ê—Å—è –ö–∞–∑–∞–Ω—Ü–µ–≤–∞. –ú–æ–∑–≥, –∫–∞–∫ –Ω–µ –≥–ª—É–ø–µ—Ç—å, –ø—Ä–∞–≤–∏–ª—å–Ω–æ –∏—Å–ø–æ–ª—å–∑–æ–≤–∞—Ç—å —ç–º–æ—Ü–∏–∏ –∏ –ø–æ–º–Ω–∏—Ç—å, —á—Ç–æ –æ–Ω –º–∞—Ç–µ—Ä–∏–∞–ª–µ–Ω",,,
,CQADAgADBwwAApl50EqllvTc_EqADQI,5390942451999443975,
"_–ê—Å—è –ö–∞–∑–∞–Ω—Ü–µ–≤–∞  –ï–¥–∞ –≤—Ä–µ–¥–Ω–∞—è –∏ –ø–æ–ª–µ–∑–Ω–∞—è, –ö–µ–º–µ—Ä–æ–≤–æ 2017",BAADAgADBgwAApl50EoYP__tfoRNfgI,,5390942451999443974
"_–ê—Å—è –ö–∞–∑–∞–Ω—Ü–µ–≤–∞  –ï–¥–∞ –≤—Ä–µ–¥–Ω–∞—è –∏ –ø–æ–ª–µ–∑–Ω–∞—è, –ö–µ–º–µ—Ä–æ–≤–æ 2017",,,
,CQADAgAD2wsAApl50ErXr1z5fZtQIQI,5390942451999443931,
"_–ê—Å—è –ö–∞–∑–∞–Ω—Ü–µ–≤–∞ - —Å—Ç–∞—Ä–µ–Ω–∏–µ –º–æ–∑–≥–∞, –ø–µ—Ä–µ–Ω–æ—Å —Å–æ–∑–Ω–∞–Ω–∏—è, —Å–æ–Ω –∏ –∑–∞—á–µ–º –∂–µ–Ω—â–∏–Ω–µ –æ—Ä–≥–∞–∑–º.",BAADAgAD2gsAApl50Ep2C72smAyn8AI,,5390942451999443930
"_–ê—Å—è –ö–∞–∑–∞–Ω—Ü–µ–≤–∞ - —Å—Ç–∞—Ä–µ–Ω–∏–µ –º–æ–∑–≥–∞, –ø–µ—Ä–µ–Ω–æ—Å —Å–æ–∑–Ω–∞–Ω–∏—è, —Å–æ–Ω –∏ –∑–∞—á–µ–º –∂–µ–Ω—â–∏–Ω–µ –æ—Ä–≥–∞–∑–º.",,,
,,,
"–ü—Ä–∏—Å—ã–ª–∞—Ç—å —Å—Å—ã–ª–∫–∏ –Ω–∞ –≤–µ–±–∏–Ω–∞—Ä—ã\–ª–µ–∫—Ü–∏–∏, –∫–æ—Ç–æ—Ä—ã–µ –≤—ã –±—ã —Ö–æ—Ç–µ–ª–∏ —É–≤–∏–¥–µ—Ç—å –≤ –æ–±—Ä–∞–±–æ—Ç–∞–Ω–Ω–æ–º –≤–∏–¥–µ –≤ –¥–∞–Ω–Ω–æ–º –∫–∞–Ω–∞–ª–µ –º–æ–∂–Ω–æ –≤ –∫–æ–º–º–µ–Ω—Ç–∞—Ä–∏—è—Ö –ø–æ–¥ —ç—Ç–∏–º –ø–æ—Å—Ç–æ–º.",,,
,CQADAgADfQ0AAi5d0Ur3Hn9znXzD7QI,5391192681089076605,
"_–£—á–∏—Ç–µ–ª—å –ì–æ–¥–∞ –ê–ª–µ–∫—Å–∞–Ω–¥—Ä –†—è–±—á—É–∫ –æ —Ä–∞–±–æ—Ç–µ —É—á–∏—Ç–µ–ª—è, —Å–µ–º–µ–∏ÃÜ–Ω–æ–º –æ–±—É—á–µ–Ω–∏–∏, –¥–∏—Å—Ç–∞–Ω—Ü–∏–æ–Ω–Ω–æ–º –æ–±—Ä–∞–∑–æ–≤–∞–Ω–∏–∏ –∏ –ï–ì–≠",BAADAgADfA0AAi5d0UpLbC5sYv3OmgI,,5391192681089076604
"_–£—á–∏—Ç–µ–ª—å –ì–æ–¥–∞ –ê–ª–µ–∫—Å–∞–Ω–¥—Ä –†—è–±—á—É–∫ –æ —Ä–∞–±–æ—Ç–µ —É—á–∏—Ç–µ–ª—è, —Å–µ–º–µ–∏ÃÜ–Ω–æ–º –æ–±—É—á–µ–Ω–∏–∏, –¥–∏—Å—Ç–∞–Ω—Ü–∏–æ–Ω–Ω–æ–º –æ–±—Ä–∞–∑–æ–≤–∞–Ω–∏–∏ –∏ –ï–ì–≠",,,
,CQADAgAD_RAAAi5dyUr8hGOZkYlJqQI,5388940881275392253,
"_–£—á–∏—Ç–µ–ª—å, –∫–æ—Ç–æ—Ä–æ–≥–æ —É–≤–æ–ª–∏–ª–∏ –∏–∑-–∑–∞ –º–∏—Ç–∏–Ω–≥–∞",BAADAgAD_BAAAi5dyUoljmqk5jE0XgI,,5388940881275392252
"_–£—á–∏—Ç–µ–ª—å, –∫–æ—Ç–æ—Ä–æ–≥–æ —É–≤–æ–ª–∏–ª–∏ –∏–∑-–∑–∞ –º–∏—Ç–∏–Ω–≥–∞",,,
,CQADAgAD-xAAAi5dyUqswxx7jgoTzgI,5388940881275392251,
_3 –º–µ—Ö–º–∞—Ç–æ–≤—Ü–∞ 10 –ª–µ—Ç —Å–ø—É—Å—Ç—è,BAADAgAD-hAAAi5dyUod-v40cTrCPQI,,5388940881275392250
_3 –º–µ—Ö–º–∞—Ç–æ–≤—Ü–∞ 10 –ª–µ—Ç —Å–ø—É—Å—Ç—è,,,
,CQADAgADyxAAAi5dyUrntjKN8rJ7UAI,5388940881275392203,
_–ê—Å—è –ö–∞–∑–∞–Ω—Ü–µ–≤–∞  –ó–∞—á–µ–º –Ω—É–∂–Ω–æ —Å–ø–∞—Ç—å –∏ –∫–∞–∫ –¥–µ–ª–∞—Ç—å —ç—Ç–æ –ø—Ä–∞–≤–∏–ª—å–Ω–æ,BAADAgADyhAAAi5dyUq2cTXj3KCp6gI,,5388940881275392202
_–ê—Å—è –ö–∞–∑–∞–Ω—Ü–µ–≤–∞  –ó–∞—á–µ–º –Ω—É–∂–Ω–æ —Å–ø–∞—Ç—å –∏ –∫–∞–∫ –¥–µ–ª–∞—Ç—å —ç—Ç–æ –ø—Ä–∞–≤–∏–ª—å–Ω–æ,,,
,CQADAgADyRAAAi5dyUrbLnUhNJlyOAI,5388940881275392201,
_–ê–°–Ø –ö–ê–ó–ê–ù–¶–ï–í–ê   –ö–∞–∫ –æ–±—Ä–∞–∑ –∂–∏–∑–Ω–∏ –≤–ª–∏—è–µ—Ç –Ω–∞ –º–æ–∑–≥  –ü—É–±–ª–∏—á–Ω–æ–µ –∏–Ω—Ç–µ—Ä–≤—å—é —Å –ê–Ω–Ω–æ–∏ÃÜ –®–∞–≥–∏–Ω—è–Ω,BAADAgADyBAAAi5dyUr6Hbplx-2DLQI,,5388940881275392200
_–ê–°–Ø –ö–ê–ó–ê–ù–¶–ï–í–ê   –ö–∞–∫ –æ–±—Ä–∞–∑ –∂–∏–∑–Ω–∏ –≤–ª–∏—è–µ—Ç –Ω–∞ –º–æ–∑–≥  –ü—É–±–ª–∏—á–Ω–æ–µ –∏–Ω—Ç–µ—Ä–≤—å—é —Å –ê–Ω–Ω–æ–∏ÃÜ –®–∞–≥–∏–Ω—è–Ω,,,
,CQADAgADxxAAAi5dyUrzjp_GLKZHZAI,5388940881275392199,
_–ü–æ—á–µ–º—É –±–æ–ª—å—à–µ–≤–∏–∫–∏ –ø–æ–±–µ–¥–∏–ª–∏ –≤ –≥—Ä–∞–∂–¥–∞–Ω—Å–∫–æ–∏ÃÜ –≤–æ–∏ÃÜ–Ω–µ,BAADAgADxhAAAi5dyUqolSotH_1K-QI,,5388940881275392198
_–ü–æ—á–µ–º—É –±–æ–ª—å—à–µ–≤–∏–∫–∏ –ø–æ–±–µ–¥–∏–ª–∏ –≤ –≥—Ä–∞–∂–¥–∞–Ω—Å–∫–æ–∏ÃÜ –≤–æ–∏ÃÜ–Ω–µ,,,
,CQADAgADwxAAAi5dyUqBaooqonrs6wI,5388940881275392195,
_–ê—Å—è –ö–∞–∑–∞–Ω—Ü–µ–≤–∞ ‚Äì –õ—é–±–∏—Ç—å —É–º–Ω—ã—Ö –ª—é–¥–µ–∏ÃÜ –∏ —Å–ø–∞—Ç—å —Å PhD ‚Äî –ú—ã –æ–±—Ä–µ—á–µ–Ω—ã #16,BAADAgADwhAAAi5dyUrvw8bsFg_59AI,,5388940881275392194
_–ê—Å—è –ö–∞–∑–∞–Ω—Ü–µ–≤–∞ ‚Äì –õ—é–±–∏—Ç—å —É–º–Ω—ã—Ö –ª—é–¥–µ–∏ÃÜ –∏ —Å–ø–∞—Ç—å —Å PhD ‚Äî –ú—ã –æ–±—Ä–µ—á–µ–Ω—ã #16,,,
,CQADAgADgQsAAi5dwUpCekkuQNpXMAI,5386689081461705601,
_–í–Ω–µ–∑–∞–ø–Ω–æ —Å—Ç—Ä–∏–º #6,BAADAgADgAsAAi5dwUpYadKcPayjeAI,,5386689081461705600
_–í–Ω–µ–∑–∞–ø–Ω–æ —Å—Ç—Ä–∏–º #6,,,
,CQADAgADpgoAAk_SwErUtfVEDZaeuQI,5386536391079365286,
"_–ê—Ä–∞–∑ –ò—Å–∞–≥–æ–≤. –ö–∞–∫ –æ—à–∏–±–∞—Ç—å—Å—è –ø—Ä–∞–≤–∏–ª—å–Ω–æ  –ö–∞–∫ –¥—É–º–∞—Ç—å –æ –±—É–¥—É—â–µ–º —Ç–∞–∫, —á—Ç–æ–±—ã –æ–Ω–æ —Å—Ç–∞–Ω–æ–≤–∏–ª–æ—Å—å –Ω–∞—Å—Ç–æ—è—â–∏–º",BAADAgADpQoAAk_SwEoBT4StQxUcdAI,,5386536391079365285
"–ê—Ä–∞–∑ –ò—Å–∞–≥–æ–≤. –ö–∞–∫ –æ—à–∏–±–∞—Ç—å—Å—è –ø—Ä–∞–≤–∏–ª—å–Ω–æ  –ö–∞–∫ –¥—É–º–∞—Ç—å –æ –±—É–¥—É—â–µ–º —Ç–∞–∫, —á—Ç–æ–±—ã –æ–Ω–æ —Å—Ç–∞–Ω–æ–≤–∏–ª–æ—Å—å –Ω–∞—Å—Ç–æ—è—â–∏–º",AgADBAADpqsxG6jKhFMk4NU8LCxv0ROHySZdAAu4XQcAAQI,,
,CQADAgADkgoAAk_SwEqoYtLpmvFkwwI,5386536391079365266,
_–ï–≥–æ—Ä –ú—É—Å–∏–Ω ‚Äì –æ –ø–æ–ª—å–∑–µ –∏ –≤—Ä–µ–¥–µ –ø—Ä–∏–≤—ã—á–Ω—ã—Ö –ø—Ä–æ–¥—É–∫—Ç–æ–≤ –ø–∏—Ç–∞–Ω–∏—è,BAADAgADkQoAAk_SwEr2KNlq_2U23wI,,5386536391079365265
_–ï–≥–æ—Ä –ú—É—Å–∏–Ω ‚Äì –æ –ø–æ–ª—å–∑–µ –∏ –≤—Ä–µ–¥–µ –ø—Ä–∏–≤—ã—á–Ω—ã—Ö –ø—Ä–æ–¥—É–∫—Ç–æ–≤ –ø–∏—Ç–∞–Ω–∏—è,,,
,CQADAgADgA0AAk_SuEqTd_iKxJ1FeAI,5384284591265680768,
_–í–ú–ö –ú–ì–£ (–í–æ—Å–∫—Ä–µ—Å–Ω—ã–∏ÃÜ Podcast ‚Ññ10) [–∑–∞–ø–∏—Å—å —Ç—Ä–∞–Ω—Å–ª—è—Ü–∏–∏],BAADAgADfw0AAk_SuErV1rzDCR4kzwI,,5384284591265680767
_–í–ú–ö –ú–ì–£ (–í–æ—Å–∫—Ä–µ—Å–Ω—ã–∏ÃÜ Podcast ‚Ññ10) [–∑–∞–ø–∏—Å—å —Ç—Ä–∞–Ω—Å–ª—è—Ü–∏–∏],,,
,CQADAgADcA0AAk_SuEpOehT3pYJsTQI,5384284591265680752,
"_–ü—Ä–∏–≤—ã—á–∫–∏. –í—Ä–µ–¥–Ω—ã–µ –ø—Ä–∏–≤—ã—á–∫–∏, –ø–æ–ª–µ–∑–Ω—ã–µ –ø—Ä–∏–≤—ã—á–∫–∏. –ó–∞–≤–∏—Å–∏–º–æ—Å—Ç—å. –°–∏–ª–∞ –ø—Ä–∏–≤—ã—á–µ–∫.",BAADAgADbw0AAk_SuEpNoTkyPnUrwAI,,5384284591265680751
"_–ü—Ä–∏–≤—ã—á–∫–∏. –í—Ä–µ–¥–Ω—ã–µ –ø—Ä–∏–≤—ã—á–∫–∏, –ø–æ–ª–µ–∑–Ω—ã–µ –ø—Ä–∏–≤—ã—á–∫–∏. –ó–∞–≤–∏—Å–∏–º–æ—Å—Ç—å. –°–∏–ª–∞ –ø—Ä–∏–≤—ã—á–µ–∫.",,,
,CQADAgADaA0AAk_SuEqmgO5d1k96ZAI,5384284591265680744,
_–ü—Ä–∞–≤–∏–ª—å–Ω–æ–µ –ø–∏—Ç–∞–Ω–∏–µ –∏ —Ö–∏–º–∏—á–µ—Å–∫–æ–µ —è–±–ª–æ–∫–æ. –ï–≥–æ—Ä –ú—É—Å–∏–Ω,BAADAgADZw0AAk_SuEqDSXXdV1DziQI,,5384284591265680743
_–ü—Ä–∞–≤–∏–ª—å–Ω–æ–µ –ø–∏—Ç–∞–Ω–∏–µ –∏ —Ö–∏–º–∏—á–µ—Å–∫–æ–µ —è–±–ª–æ–∫–æ. –ï–≥–æ—Ä –ú—É—Å–∏–Ω,,,
,CQADAgADWQ0AAk_SsEom36RSSVbr-gI,5382032791451995481,
_–£–°–¢–ê–õ–û–°–¢–¨ --- –ü–†–û–î–£–ö–¢–ò–í–ù–û–°–¢–¨. –£–ø—Ä–∞–≤–ª–µ–Ω–∏–µ —Å–æ—Å—Ç–æ—è–Ω–∏—è–º–∏. –ö–∞–∫ –ø—Ä–∏–≤–µ—Å—Ç–∏ —Å–µ–±—è –≤ –Ω—É–∂–Ω—É—é —Ñ–æ—Ä–º—É –¥–ª—è –¥–µ–ª,BAADAgADWA0AAk_SsEp8CbgJFH6J5gI,,5382032791451995480
_–£–°–¢–ê–õ–û–°–¢–¨ --- –ü–†–û–î–£–ö–¢–ò–í–ù–û–°–¢–¨. –£–ø—Ä–∞–≤–ª–µ–Ω–∏–µ —Å–æ—Å—Ç–æ—è–Ω–∏—è–º–∏. –ö–∞–∫ –ø—Ä–∏–≤–µ—Å—Ç–∏ —Å–µ–±—è –≤ –Ω—É–∂–Ω—É—é —Ñ–æ—Ä–º—É –¥–ª—è –¥–µ–ª,,,
,CQADAgADLw0AAk_SsEqrcp_nPbmlSAI,5382032791451995439,
"_–ü—Ä–∏–Ω—Ü–∏–ø 80 –Ω–∞ 20. –ö–∞–∫, –ø—Ä–∏–ª–∞–≥–∞—è –º–∏–Ω–∏–º—É–º —É—Å–∏–ª–∏–∏ÃÜ, –¥–æ–±–∏–≤–∞—Ç—å—Å—è —Ä–µ–∑—É–ª—å—Ç–∞—Ç–æ–≤  –ü—Å–∏—Ö–æ–ª–æ–≥–∏—è –¥–æ—Å—Ç–∏–∂–µ–Ω–∏–∏ÃÜ.",BAADAgADLg0AAk_SsEptkUnxpmHyggI,,5382032791451995438
"_–ü—Ä–∏–Ω—Ü–∏–ø 80 –Ω–∞ 20. –ö–∞–∫, –ø—Ä–∏–ª–∞–≥–∞—è –º–∏–Ω–∏–º—É–º —É—Å–∏–ª–∏–∏ÃÜ, –¥–æ–±–∏–≤–∞—Ç—å—Å—è —Ä–µ–∑—É–ª—å—Ç–∞—Ç–æ–≤  –ü—Å–∏—Ö–æ–ª–æ–≥–∏—è –¥–æ—Å—Ç–∏–∂–µ–Ω–∏–∏ÃÜ.",,,
,CQADAgADJg0AAk_SsEr9Mrx9lATi7wI,5382032791451995430,
"_–¢–∞—Ç—å—è–Ω–∞ –°–∞—Ä–∞–Ω—á—É–∫. –î–æ—á—å –º–∞–º–∏–Ω–æ–∏ÃÜ –ø–æ–¥—Ä—É–≥–∏. 23 –≥–æ–¥–∞, Senior Business Analyst. –°—É–ø–µ—Ä-–∫–∞—Ä—å–µ—Ä–∞.",BAADAgADJQ0AAk_SsEqlMqJ_hWSXqAI,,5382032791451995429
"_–¢–∞—Ç—å—è–Ω–∞ –°–∞—Ä–∞–Ω—á—É–∫. –î–æ—á—å –º–∞–º–∏–Ω–æ–∏ÃÜ –ø–æ–¥—Ä—É–≥–∏. 23 –≥–æ–¥–∞, Senior Business Analyst. –°—É–ø–µ—Ä-–∫–∞—Ä—å–µ—Ä–∞.",,,
,CQADAgADJA0AAk_SsEoJkhvrlaAAAWMC,5382032791451995428,
"_–ì–∞—Ä—Ä–∏ –ú—É—Ä–∞–¥—è–Ω. –¢—Ä—É–¥–æ—É—Å—Ç—Ä–æ–∏ÃÜ—Å—Ç–≤–æ, —Ä–µ–∞–ª–∏–∑–∞—Ü–∏—è –∫–∞—Ä—å–µ—Ä—ã. –ö–∞–∫ –Ω–∞–∏ÃÜ—Ç–∏ —Ä–∞–±–æ—Ç—É  –ö–∞–∫ —Å–æ—Å—Ç–∞–≤–ª—è—Ç—å —Ä–µ–∑—é–º–µ",BAADAgADIw0AAk_SsEp9kUAofvF-QAI,,5382032791451995427
"_–ì–∞—Ä—Ä–∏ –ú—É—Ä–∞–¥—è–Ω. –¢—Ä—É–¥–æ—É—Å—Ç—Ä–æ–∏ÃÜ—Å—Ç–≤–æ, —Ä–µ–∞–ª–∏–∑–∞—Ü–∏—è –∫–∞—Ä—å–µ—Ä—ã. –ö–∞–∫ –Ω–∞–∏ÃÜ—Ç–∏ —Ä–∞–±–æ—Ç—É  –ö–∞–∫ —Å–æ—Å—Ç–∞–≤–ª—è—Ç—å —Ä–µ–∑—é–º–µ",,,
,CQADAgAD8gwAAk_SsEpRjJWdeKM-bAI,5382032791451995378,
_–ù–æ–≤–æ–≥–æ–¥–Ω–∏–∏ÃÜ —Ä–µ–ª–∞–∫—Å-—Å—Ç—Ä–∏–º. –ë–æ–ª—Ç–∞–µ–º –æ–±–æ –≤—Å–µÃà–º.,BAADAgAD8QwAAk_SsErtBgT7fuXOzAI,,5382032791451995377
_–ù–æ–≤–æ–≥–æ–¥–Ω–∏–∏ÃÜ —Ä–µ–ª–∞–∫—Å-—Å—Ç—Ä–∏–º. –ë–æ–ª—Ç–∞–µ–º –æ–±–æ –≤—Å–µÃà–º.,,,
,CQADAgAD0gsAAnT6sEofoujy8GgP0gI,5382076930830896082,
_–°–∫–æ—Ä–æ—á—Ç–µ–Ω–∏–µ. –°–∫–æ–ª—å–∫–æ –∫–Ω–∏–≥ —Ç—ã –ø—Ä–æ—á–∏—Ç–∞–µ—à—å –∑–∞ –±–ª–∏–∂–∞–∏ÃÜ—à–∏–µ –¥–µ—Å—è—Ç—å –ª–µ—Ç  –ö–∞–∫ –∏–∑–º–µ–Ω–∏—Ç —Ç–µ–±—è —á—Ç–µ–Ω–∏–µ,BAADAgAD0QsAAnT6sEqQ0t8rNKRYxAI,,5382076930830896081
_–°–∫–æ—Ä–æ—á—Ç–µ–Ω–∏–µ. –°–∫–æ–ª—å–∫–æ –∫–Ω–∏–≥ —Ç—ã –ø—Ä–æ—á–∏—Ç–∞–µ—à—å –∑–∞ –±–ª–∏–∂–∞–∏ÃÜ—à–∏–µ –¥–µ—Å—è—Ç—å –ª–µ—Ç  –ö–∞–∫ –∏–∑–º–µ–Ω–∏—Ç —Ç–µ–±—è —á—Ç–µ–Ω–∏–µ,,,
,CQADAgADXAsAAnT6sErxvwG_dFBS6AI,5382076930830895964,
_–î–º–∏—Ç—Ä–∏–∏ÃÜ –ë–µ–ª–æ–≤. –ú–∞—Ç–µ–º–∞—Ç–∏–∫–∞ –≤ –∂–∏–∑–Ω–∏. –ó–∞—á–µ–º –æ–Ω–∞ –Ω–∞–º –Ω—É–∂–Ω–∞,BAADAgADWwsAAnT6sEp5G-xOVQc7JAI,,5382076930830895963
_–î–º–∏—Ç—Ä–∏–∏ÃÜ –ë–µ–ª–æ–≤. –ú–∞—Ç–µ–º–∞—Ç–∏–∫–∞ –≤ –∂–∏–∑–Ω–∏. –ó–∞—á–µ–º –æ–Ω–∞ –Ω–∞–º –Ω—É–∂–Ω–∞,,,
,CQADAgADWgsAAnT6sEp2U6oNpzhyjQI,5382076930830895962,
_–û–†–ê–¢–û–†–°–ö–û–ï –ò–°–ö–£–°–°–¢–í–û. –ü—É–±–ª–∏—á–Ω—ã–µ –≤—ã—Å—Ç—É–ø–ª–µ–Ω–∏—è. –ö–∞–∫ —É–±–µ–∂–¥–∞—Ç—å –ª—é–¥–µ–∏ÃÜ,BAADAgADWQsAAnT6sEockaj_E7yrzwI,,5382076930830895961
_–û–†–ê–¢–û–†–°–ö–û–ï –ò–°–ö–£–°–°–¢–í–û. –ü—É–±–ª–∏—á–Ω—ã–µ –≤—ã—Å—Ç—É–ø–ª–µ–Ω–∏—è. –ö–∞–∫ —É–±–µ–∂–¥–∞—Ç—å –ª—é–¥–µ–∏ÃÜ,,,
,CQADAgADVgsAAnT6sErbYilrrqe5WwI,5382076930830895958,
_–ü–†–û–ö–†–ê–°–¢–ò–ù–ê–¶–ò–Ø. –ú–æ—Ç–∏–≤–∞—Ü–∏—è –∏ –¥–∏—Å—Ü–∏–ø–ª–∏–Ω–∞. –ö–∞–∫ –≤—Å—Ç–∞—Ç—å —Å –¥–∏–≤–∞–Ω–∞ –∏ –∑–∞–Ω—è—Ç—å—Å—è –¥–µ–ª–∞–º–∏,BAADAgADVQsAAnT6sErLHrCt0KnSYAI,,5382076930830895957
_–ü–†–û–ö–†–ê–°–¢–ò–ù–ê–¶–ò–Ø. –ú–æ—Ç–∏–≤–∞—Ü–∏—è –∏ –¥–∏—Å—Ü–∏–ø–ª–∏–Ω–∞. –ö–∞–∫ –≤—Å—Ç–∞—Ç—å —Å –¥–∏–≤–∞–Ω–∞ –∏ –∑–∞–Ω—è—Ç—å—Å—è –¥–µ–ª–∞–º–∏,,,
,CQADAgADSgsAAnT6sEpHLMktE9hi6wI,5382076930830895946,
"_–ó—É—Ä–∞–± –í–∞–ª–∏–µ–≤. –°–∞–º—ã–∏ÃÜ –æ–±—â–∏—Ç–µ–ª—å–Ω—ã–∏ÃÜ –∏ –∂–∏–∑–Ω–µ—Ä–∞–¥–æ—Å—Ç–Ω—ã–∏ÃÜ —á–µ–ª–æ–≤–µ–∫, –∫–æ—Ç–æ—Ä–æ–≥–æ —è –∑–Ω–∞—é. –ú–∞–ª—å—á–∏–∫, –∫–æ—Ç–æ—Ä—ã–∏ÃÜ –≤—ã–∂–∏–ª.",BAADAgADSQsAAnT6sErtiXKNmrgXRQI,,5382076930830895945
"_–ó—É—Ä–∞–± –í–∞–ª–∏–µ–≤. –°–∞–º—ã–∏ÃÜ –æ–±—â–∏—Ç–µ–ª—å–Ω—ã–∏ÃÜ –∏ –∂–∏–∑–Ω–µ—Ä–∞–¥–æ—Å—Ç–Ω—ã–∏ÃÜ —á–µ–ª–æ–≤–µ–∫, –∫–æ—Ç–æ—Ä–æ–≥–æ —è –∑–Ω–∞—é. –ú–∞–ª—å—á–∏–∫, –∫–æ—Ç–æ—Ä—ã–∏ÃÜ –≤—ã–∂–∏–ª.",,,
,CQADAgADFQsAAnT6sEpDgjVFlCLKkwI,5382076930830895893,
_–¢–≤–æ–µÃà –æ–∫—Ä—É–∂–µ–Ω–∏–µ. –° –∫–∞–∫–∏–º–∏ –ª—é–¥—å–º–∏ —Ç—ã –¥–æ–ª–∂–µ–Ω –æ–±—â–∞—Ç—å—Å—è  –¢–´ - –≠–¢–û –°–†–ï–î–ù–ï–ï –ê–†–ò–§–ú–ï–¢–ò–ß–ï–°–ö–û–ï –û–¢ –ü–Ø–¢–ò –õ–Æ–î–ï–òÃÜ  ???,BAADAgADFAsAAnT6sEpf4vrcLXOLzQI,,5382076930830895892
_–¢–≤–æ–µÃà –æ–∫—Ä—É–∂–µ–Ω–∏–µ. –° –∫–∞–∫–∏–º–∏ –ª—é–¥—å–º–∏ —Ç—ã –¥–æ–ª–∂–µ–Ω –æ–±—â–∞—Ç—å—Å—è  –¢–´ - –≠–¢–û –°–†–ï–î–ù–ï–ï –ê–†–ò–§–ú–ï–¢–ò–ß–ï–°–ö–û–ï –û–¢ –ü–Ø–¢–ò –õ–Æ–î–ï–òÃÜ  ???,,,
,CQADAgAD5AoAAnT6sEq9Oyvy4YiHzAI,5382076930830895844,
_–†–ê–¶–ò–û–ù–ê–õ–¨–ù–û–ï –ú–´–®–õ–ï–ù–ò–ï. –í–≤–µ–¥–µ–Ω–∏–µ –≤ —Ä–∞—Ü–∏–æ–Ω–∞–ª—å–Ω–æ–µ –º—ã—à–ª–µ–Ω–∏–µ. –ö–æ–≥–Ω–∏—Ç–∏–≤–Ω—ã–µ –∏—Å–∫–∞–∂–µ–Ω–∏—è –∏ –ø–∞—Ä–∞–¥–æ–∫—Å—ã.,BAADAgAD4woAAnT6sErwkd52hESShwI,,5382076930830895843
_–†–ê–¶–ò–û–ù–ê–õ–¨–ù–û–ï –ú–´–®–õ–ï–ù–ò–ï. –í–≤–µ–¥–µ–Ω–∏–µ –≤ —Ä–∞—Ü–∏–æ–Ω–∞–ª—å–Ω–æ–µ –º—ã—à–ª–µ–Ω–∏–µ. –ö–æ–≥–Ω–∏—Ç–∏–≤–Ω—ã–µ –∏—Å–∫–∞–∂–µ–Ω–∏—è –∏ –ø–∞—Ä–∞–¥–æ–∫—Å—ã.,,,
,CQADAgAD2QoAAnT6sEpw-2yY9UuuswI,5382076930830895833,
_–ù–∏–∫–∏—Ç–∞ –ë–æ–≥—É—à–µ–≤—Å–∫–∏–∏ÃÜ. –ò—Å—Ç–æ—Ä–∏—è –æ–¥–Ω–æ–≥–æ —Ç—Ä–µ–∏ÃÜ–¥–µ—Ä–∞. –ö–∞–∫ —Ç–æ—Ä–≥—É—é—Ç –∞–∫—Ü–∏—è–º–∏ –±–æ–ª—å—à–∏–µ –¥—è–¥–∏,BAADAgAD2AoAAnT6sEq5tLo9v7TvOwI,,5382076930830895832
_–ù–∏–∫–∏—Ç–∞ –ë–æ–≥—É—à–µ–≤—Å–∫–∏–∏ÃÜ. –ò—Å—Ç–æ—Ä–∏—è –æ–¥–Ω–æ–≥–æ —Ç—Ä–µ–∏ÃÜ–¥–µ—Ä–∞. –ö–∞–∫ —Ç–æ—Ä–≥—É—é—Ç –∞–∫—Ü–∏—è–º–∏ –±–æ–ª—å—à–∏–µ –¥—è–¥–∏,,,
,CQADAgAD1woAAnT6sErVqSRxYRCHpAI,5382076930830895831,
_–ò–Ω–≤–µ—Å—Ç–∏—Ü–∏–∏-1. –°–∫–æ–ª—å–∫–æ –≤—Å–µ–≥–æ –¥–µ–Ω–µ–≥ —Ç–µ–±–µ –Ω–∞–¥–æ –∑–∞—Ä–∞–±–æ—Ç–∞—Ç—å  –ù–∞—Å–∫–æ–ª—å–∫–æ —Å–∏–ª—å–Ω–æ —Ç—ã —ç—Ç–æ–≥–æ —Ö–æ—á–µ—à—å,BAADAgAD1goAAnT6sEqMbwmMExBMYQI,,5382076930830895830
_–ò–Ω–≤–µ—Å—Ç–∏—Ü–∏–∏-1. –°–∫–æ–ª—å–∫–æ –≤—Å–µ–≥–æ –¥–µ–Ω–µ–≥ —Ç–µ–±–µ –Ω–∞–¥–æ –∑–∞—Ä–∞–±–æ—Ç–∞—Ç—å  –ù–∞—Å–∫–æ–ª—å–∫–æ —Å–∏–ª—å–Ω–æ —Ç—ã —ç—Ç–æ–≥–æ —Ö–æ—á–µ—à—å,,,
,CQADAgAD0woAAnT6sEo-jTOUKcHM2gI,5382076930830895827,
_–ö–∞–∫ —Å—Ç–∞–≤–∏—Ç—å —Ü–µ–ª–∏  SMART. –í–æ—Ä–∫—à–æ–ø - –ø—Ä–∏–¥—É–º—ã–≤–∞–µ–º –∏ –ø–∏—à–µ–º —Ü–µ–ª–∏ –∏ –º–µ—á—Ç—ã –≤–º–µ—Å—Ç–µ –≤ –ª–∞–∏ÃÜ–≤–µ. –ö–ê–ö –•–û–¢–ï–¢–¨,BAADAgAD0goAAnT6sEpantdgch2xeAI,,5382076930830895826
_–ö–∞–∫ —Å—Ç–∞–≤–∏—Ç—å —Ü–µ–ª–∏  SMART. –í–æ—Ä–∫—à–æ–ø - –ø—Ä–∏–¥—É–º—ã–≤–∞–µ–º –∏ –ø–∏—à–µ–º —Ü–µ–ª–∏ –∏ –º–µ—á—Ç—ã –≤–º–µ—Å—Ç–µ –≤ –ª–∞–∏ÃÜ–≤–µ. –ö–ê–ö –•–û–¢–ï–¢–¨,,,
,CQADAgAD1QwAAnT6qEpCP6IxPzmxuQI,5379825131017211093,
"_–ö—Ä–µ–∞—Ç–∏–≤–Ω–æ—Å—Ç—å. –ë—Ä–µ–∏ÃÜ–Ω—à—Ç–æ—Ä–º–∏–Ω–≥. –ö–∞–∫ —Ä–æ–¥–∏—Ç—å –∏–¥–µ—é, –∫–æ–≥–¥–∞ –∏–¥–µ–∏ÃÜ –Ω–µ—Ç  –ö–∞–∫ —Ä–∞–∑–≤–∏—Ç—å –Ω–µ—à–∞–±–ª–æ–Ω–Ω–æ–µ –º—ã—à–ª–µ–Ω–∏–µ",BAADAgAD1AwAAnT6qEopM4qMQbuiggI,,5379825131017211092
"_–ö—Ä–µ–∞—Ç–∏–≤–Ω–æ—Å—Ç—å. –ë—Ä–µ–∏ÃÜ–Ω—à—Ç–æ—Ä–º–∏–Ω–≥. –ö–∞–∫ —Ä–æ–¥–∏—Ç—å –∏–¥–µ—é, –∫–æ–≥–¥–∞ –∏–¥–µ–∏ÃÜ –Ω–µ—Ç  –ö–∞–∫ —Ä–∞–∑–≤–∏—Ç—å –Ω–µ—à–∞–±–ª–æ–Ω–Ω–æ–µ –º—ã—à–ª–µ–Ω–∏–µ",,,
,CQADAgADwQwAAnT6qEqiyEH_xnkuYAI,5379825131017211073,
_–ù–æ–≤–æ–≥–æ–¥–Ω–µ–µ –ø–ª–∞–Ω–∏—Ä–æ–≤–∞–Ω–∏–µ. –°—Ç–∞–≤–∏–º —Ü–µ–ª–∏ –Ω–∞ 2021. New Year‚Äôs Resolution. –ü–ª–∞–Ω—ã 20-5-1.,BAADAgADwAwAAnT6qErbPWbFTFMH7AI,,5379825131017211072
_–ù–æ–≤–æ–≥–æ–¥–Ω–µ–µ –ø–ª–∞–Ω–∏—Ä–æ–≤–∞–Ω–∏–µ. –°—Ç–∞–≤–∏–º —Ü–µ–ª–∏ –Ω–∞ 2021. New Year‚Äôs Resolution. –ü–ª–∞–Ω—ã 20-5-1.,,,
,CQADAgADhQsAAnT6qErq4m_mnmQRwwI,5379825131017210757,
"_–ò–Ω–≤–µ—Å—Ç–∏—Ü–∏–∏-3. –ö—É–¥–∞ –≤–∫–ª–∞–¥—ã–≤–∞—Ç—å –¥–µ–Ω—å–≥–∏  –ê–∫—Ü–∏–∏, –æ–±–ª–∏–≥–∞—Ü–∏–∏. –†–∏—Å–∫–∏ –∏ –¥–∏–≤–µ—Ä—Å–∏—Ñ–∏–∫–∞—Ü–∏—è.",BAADAgADhAsAAnT6qEos0BqSbdg-bQI,,5379825131017210756
"_–ò–Ω–≤–µ—Å—Ç–∏—Ü–∏–∏-3. –ö—É–¥–∞ –≤–∫–ª–∞–¥—ã–≤–∞—Ç—å –¥–µ–Ω—å–≥–∏  –ê–∫—Ü–∏–∏, –æ–±–ª–∏–≥–∞—Ü–∏–∏. –†–∏—Å–∫–∏ –∏ –¥–∏–≤–µ—Ä—Å–∏—Ñ–∏–∫–∞—Ü–∏—è.",,,
,CQADAgADfwsAAnT6qEra6Cd7LirQLwI,5379825131017210751,
_–°–∫–æ—Ä–æ—á—Ç–µ–Ω–∏–µ. –°–∫–æ–ª—å–∫–æ –∫–Ω–∏–≥ —Ç—ã –ø—Ä–æ—á–∏—Ç–∞–µ—à—å –∑–∞ –±–ª–∏–∂–∞–∏ÃÜ—à–∏–µ –¥–µ—Å—è—Ç—å –ª–µ—Ç  –û–Ω–∏ —Å–º–æ–≥—É—Ç —Ç–µ–±—è –∏–∑–º–µ–Ω–∏—Ç—å,BAADAgADfgsAAnT6qEpUkgNpkVR-yAI,,5379825131017210750
_–°–∫–æ—Ä–æ—á—Ç–µ–Ω–∏–µ. –°–∫–æ–ª—å–∫–æ –∫–Ω–∏–≥ —Ç—ã –ø—Ä–æ—á–∏—Ç–∞–µ—à—å –∑–∞ –±–ª–∏–∂–∞–∏ÃÜ—à–∏–µ –¥–µ—Å—è—Ç—å –ª–µ—Ç  –û–Ω–∏ —Å–º–æ–≥—É—Ç —Ç–µ–±—è –∏–∑–º–µ–Ω–∏—Ç—å,,,
,CQADAgADeQsAAnT6qEruCaBd0ts8RAI,5379825131017210745,
_–ë–õ–ê–ì–û–¢–í–û–†–ò–¢–ï–õ–¨–ù–û–°–¢–¨. –≠—Ñ—Ñ–µ–∫—Ç–∏–≤–Ω—ã–∏ÃÜ –∞–ª—å—Ç—Ä—É–∏–∑–º. –ù–∞–¥–æ –ª–∏ –∂–µ—Ä—Ç–≤–æ–≤–∞—Ç—å –∏ –∫—É–¥–∞,BAADAgADeAsAAnT6qEpjL_me7ydAegI,,5379825131017210744
_–ë–õ–ê–ì–û–¢–í–û–†–ò–¢–ï–õ–¨–ù–û–°–¢–¨. –≠—Ñ—Ñ–µ–∫—Ç–∏–≤–Ω—ã–∏ÃÜ –∞–ª—å—Ç—Ä—É–∏–∑–º. –ù–∞–¥–æ –ª–∏ –∂–µ—Ä—Ç–≤–æ–≤–∞—Ç—å –∏ –∫—É–¥–∞,,,
,CQADAgADswoAAufloUoo6_wCUqA7AAEC,5377832210357291699,
"_–ò–Ω–≤–µ—Å—Ç–∏—Ü–∏–∏-2. –ó–∞—Ä–∞–±–æ—Ç–∞—Ç—å, —á—Ç–æ–±—ã –æ—Ç–ª–æ–∂–∏—Ç—å. –ö–∞–∫ —É–≤–µ–ª–∏—á–∏—Ç—å —Å–≤–æ–∏ÃÜ –¥–æ—Ö–æ–¥  –°–∫–æ–ª—å–∫–æ —Å—Ç–æ–∏—Ç —Ç–≤–æ–∏ÃÜ —á–∞—Å",BAADAgADsgoAAufloUoI6xz4ZWY2UQI,,5377832210357291698
"_–ò–Ω–≤–µ—Å—Ç–∏—Ü–∏–∏-2. –ó–∞—Ä–∞–±–æ—Ç–∞—Ç—å, —á—Ç–æ–±—ã –æ—Ç–ª–æ–∂–∏—Ç—å. –ö–∞–∫ —É–≤–µ–ª–∏—á–∏—Ç—å —Å–≤–æ–∏ÃÜ –¥–æ—Ö–æ–¥  –°–∫–æ–ª—å–∫–æ —Å—Ç–æ–∏—Ç —Ç–≤–æ–∏ÃÜ —á–∞—Å",,,
,CQADAgADqgoAAufloUqxFfPvhS9eeQI,5377832210357291690,
_–¢–∞–∏ÃÜ–º-–º–µ–Ω–µ–¥–∂–º–µ–Ω—Ç –ø–æ —Å–∏—Å—Ç–µ–º–µ GTD (—á–∞—Å—Ç—å 2). –ü—Ä–∞–∫—Ç–∏–∫–∞. –†–∞–∑–±–∏—Ä–∞–µ–º –∫–æ—Ä–∑–∏–Ω—É.,BAADAgADqQoAAufloUp4Bv-8w03wlQI,,5377832210357291689
_–¢–∞–∏ÃÜ–º-–º–µ–Ω–µ–¥–∂–º–µ–Ω—Ç –ø–æ —Å–∏—Å—Ç–µ–º–µ GTD (—á–∞—Å—Ç—å 2). –ü—Ä–∞–∫—Ç–∏–∫–∞. –†–∞–∑–±–∏—Ä–∞–µ–º –∫–æ—Ä–∑–∏–Ω—É.,,,
,CQADAgADmwoAAufloUppmxHhEkBvOQI,5377832210357291675,
_Getting Things Done - —á–∞—Å—Ç—å 3. –î–µ–ª–µ–≥–∏—Ä–æ–≤–∞–Ω–∏–µ. –ö–∞–∫ –ø–µ—Ä–µ–ø–æ—Ä—É—á–∏—Ç—å –≤—Å–µÃà –Ω–∞ —Å–≤–µ—Ç–µ,BAADAgADmgoAAufloUosSDOfZQsF9gI,,5377832210357291674
_Getting Things Done - —á–∞—Å—Ç—å 3. –î–µ–ª–µ–≥–∏—Ä–æ–≤–∞–Ω–∏–µ. –ö–∞–∫ –ø–µ—Ä–µ–ø–æ—Ä—É—á–∏—Ç—å –≤—Å–µÃà –Ω–∞ —Å–≤–µ—Ç–µ,,,
,CQADAgADaAwAAuflmUpD_YxWJ5dmjgI,5375580410543606888,
"_GTD –¢–∞–∏ÃÜ–º-–º–µ–Ω–µ–¥–∂–º–µ–Ω—Ç. –ß–µ—Ç—ã—Ä–µ —É—Ä–æ–≤–Ω—è —Ç–∞–∏ÃÜ–º-–º–µ–Ω–µ–¥–∂–º–µ–Ω—Ç–∞, –æ—Ç —Å–ø–æ–Ω—Ç–∞–Ω–Ω–æ–≥–æ –ø–µ—Ä–µ–∫–ª—é—á–µ–Ω–∏—è –º–µ–∂–¥—É –¥–µ–ª–∞–º–∏ –¥–æ GTD",BAADAgADZwwAAuflmUoDZ7QYA8dxBQI,,5375580410543606887
"_GTD –¢–∞–∏ÃÜ–º-–º–µ–Ω–µ–¥–∂–º–µ–Ω—Ç. –ß–µ—Ç—ã—Ä–µ —É—Ä–æ–≤–Ω—è —Ç–∞–∏ÃÜ–º-–º–µ–Ω–µ–¥–∂–º–µ–Ω—Ç–∞, –æ—Ç —Å–ø–æ–Ω—Ç–∞–Ω–Ω–æ–≥–æ –ø–µ—Ä–µ–∫–ª—é—á–µ–Ω–∏—è –º–µ–∂–¥—É –¥–µ–ª–∞–º–∏ –¥–æ GTD",,,
,CQADAgADDgwAAuflmUpZIvqPwzpG9AI,5375580410543606798,
_–ê–ª–µ–∫—Å–µ–∏ÃÜ –°–∞–≤–≤–∞—Ç–µ–µ–≤ –∏ –†–æ–º–∞–Ω –Æ–Ω–µ–º–∞–Ω   –ï—Å–ª–∏ –±—ã —è –±—ã–ª –º–∏–Ω–∏—Å—Ç—Ä–æ–º –ø—Ä–æ—Å–≤–µ—â–µ–Ω–∏—è –†–æ—Å—Å–∏–∏,BAADAgADDQwAAuflmUq_KJYiJiWeTwI,,5375580410543606797
_–ê–ª–µ–∫—Å–µ–∏ÃÜ –°–∞–≤–≤–∞—Ç–µ–µ–≤ –∏ –†–æ–º–∞–Ω –Æ–Ω–µ–º–∞–Ω   –ï—Å–ª–∏ –±—ã —è –±—ã–ª –º–∏–Ω–∏—Å—Ç—Ä–æ–º –ø—Ä–æ—Å–≤–µ—â–µ–Ω–∏—è –†–æ—Å—Å–∏–∏,,,
,CQADAgADbQsAAuflmUqmchxhDXFlmwI,5375580410543606637,
_–° –∫–∞–∫–∏–º–∏ –ª—é–¥—å–º–∏ –Ω–µ —Å—Ç–æ–∏—Ç –æ–±—â–∞—Ç—å—Å—è  –ö–∞–∫ –ø–æ–º–µ–Ω—è—Ç—å —Å–µ–±—è –∑–∞ —Å—á–µ—Ç –æ–∫—Ä—É–∂–µ–Ω–∏—è,BAADAgADbAsAAuflmUowPWwxlKiiJAI,,5375580410543606636
_–° –∫–∞–∫–∏–º–∏ –ª—é–¥—å–º–∏ –Ω–µ —Å—Ç–æ–∏—Ç –æ–±—â–∞—Ç—å—Å—è  –ö–∞–∫ –ø–æ–º–µ–Ω—è—Ç—å —Å–µ–±—è –∑–∞ —Å—á–µ—Ç –æ–∫—Ä—É–∂–µ–Ω–∏—è,,,
,CQADAgADvg0AAuflkUpZiiMafUu4EgI,5373328610729921982,
05) –í–Ω–µ–∑–∞–ø–Ω–æ —Å—Ç—Ä–∏–º  ),BAADAgADvQ0AAuflkUqWRywmQB92sAI,,5373328610729921981
05) –í–Ω–µ–∑–∞–ø–Ω–æ —Å—Ç—Ä–∏–º  ),,,
,CQADAgADsw0AAuflkUpdz5Yad60GSQI,5373328610729921971,
04) –í–Ω–µ–∑–∞–ø–Ω–æ —Å—Ç—Ä–∏–º  ),BAADAgADsg0AAuflkUq-tRYKv_HTpgI,,5373328610729921970
04) –í–Ω–µ–∑–∞–ø–Ω–æ —Å—Ç—Ä–∏–º  ),,,
,CQADAgADqg0AAuflkUpM67KyCZ463gI,5373328610729921962,
03) –í–Ω–µ–∑–∞–ø–Ω–æ —Å—Ç—Ä–∏–º  ),BAADAgADqQ0AAuflkUrmAqKxHtT8CgI,,5373328610729921961
03) –í–Ω–µ–∑–∞–ø–Ω–æ —Å—Ç—Ä–∏–º  ),,,
,CQADAgADpg0AAuflkUo6-ImKAAE1XB4C,5373328610729921958,
02) –í–Ω–µ–∑–∞–ø–Ω–æ —Å—Ç—Ä–∏–º  ),BAADAgADpQ0AAuflkUqTKxaqjzZeKwI,,5373328610729921957
02) –í–Ω–µ–∑–∞–ø–Ω–æ —Å—Ç—Ä–∏–º  ),,,
,CQADAgADlA0AAuflkUotcvLsHu7jsAI,5373328610729921940,
01) –í–Ω–µ–∑–∞–ø–Ω–æ —Å—Ç—Ä–∏–º  ),BAADAgADkw0AAuflkUpFWk4tlf7kHAI,,5373328610729921939
01) –í–Ω–µ–∑–∞–ø–Ω–æ —Å—Ç—Ä–∏–º  ),,,
,CQADAgADiA0AAuflkUrr-VUQkmhjYAI,5373328610729921928,
–†–æ–º–∞–Ω –Æ–Ω–µ–º–∞–Ω. –ü–æ–ª–∏—Ç–∏–∫ –∏–∑ –ß–µ—Ä—Ç–∞–Ω–æ–≤–æ. –≠—Ñ—Ñ–µ–∫—Ç–∏–≤–Ω—ã–∏ÃÜ –∞–ª—å—Ç—Ä—É–∏–∑–º –≤ –ø–æ–ª–∏—Ç–∏–∫–µ  –∫–∞–∫ –†–ï–ê–õ–¨–ù–û –ø–æ–≤–ª–∏—è—Ç—å –Ω–∞ –º–∏—Ä,BAADAgADhw0AAuflkUpX3qTjLHoemgI,,5373328610729921927
–†–æ–º–∞–Ω –Æ–Ω–µ–º–∞–Ω. –ü–æ–ª–∏—Ç–∏–∫ –∏–∑ –ß–µ—Ä—Ç–∞–Ω–æ–≤–æ. –≠—Ñ—Ñ–µ–∫—Ç–∏–≤–Ω—ã–∏ÃÜ –∞–ª—å—Ç—Ä—É–∏–∑–º –≤ –ø–æ–ª–∏—Ç–∏–∫–µ  –∫–∞–∫ –†–ï–ê–õ–¨–ù–û –ø–æ–≤–ª–∏—è—Ç—å –Ω–∞ –º–∏—Ä,,,
,CQADAgADdg0AAuflkUplJPFffNSkTQI,5373328610729921910,
–ë–∏–æ—Ö–∞–∫–∏–Ω–≥ –±–µ–∑ –≤–µ—â–µ—Å—Ç–≤. –ö–∞–∫ —Å—Ç–∞—Ç—å –º–∞—à–∏–Ω–æ–∏ÃÜ,BAADAgADdQ0AAuflkUo53xrOVib1lAI,,5373328610729921909
"–ë–∏–æ—Ö–∞–∫–∏–Ω–≥ –±–µ–∑ –≤–µ—â–µ—Å—Ç–≤. –ö–∞–∫ —Å—Ç–∞—Ç—å –º–∞—à–∏–Ω–æ–π
–î–æ–ø–æ–ª–Ω–µ–Ω–∏–µ: —Å–≤—è–∑–∞–Ω–Ω—ã–π –≤–µ–±–∏–Ω–∞—Ä",,,
"–ö–∞–∫ –±—ã–ª —Å–æ–∑–¥–∞–Ω —ç—Ç–æ—Ç –∫–∞–Ω–∞–ª? 

–°—É—â–µ—Å—Ç–≤—É–µ—Ç –±–æ–ª—å—à–æ–µ –∫–æ–ª–∏—á–µ—Å—Ç–≤–æ –∏–Ω—Ç–µ—Ä–µ—Å–Ω—ã—Ö –ª–µ–∫—Ü–∏–π, –∫–æ—Ç–æ—Ä—ã–µ –±—ã–ª–æ –±—ã –ø–æ–ª–µ–∑–Ω–æ –∏ –∏–Ω—Ç–µ—Ä–µ—Å–Ω–æ –ø–æ—Å–º–æ—Ç—Ä–µ—Ç—å, –Ω–æ –Ω–∞ –∫–æ—Ç–æ—Ä—ã–µ –Ω–∏–∫–æ–≥–¥–∞ –Ω–µ —Ö–≤–∞—Ç–∞–µ—Ç –≤—Ä–µ–º–µ–Ω–∏, —á—Ç–æ–±—ã —Å–µ—Å—Ç—å –∑–∞ –Ω–∏—Ö –∏ —Å–º–æ—Ç—Ä–µ—Ç—å –∏—Ö –≤ —Ç–µ—á–µ–Ω–∏–µ –ø–∞—Ä—ã —á–∞—Å–æ–≤. –ú—ã –æ–±—Ä–∞–±–∞—Ç—ã–≤–∞–µ–º –∏—Ö –∏ –∑–∞–ª–∏–≤–∞–µ–º –≤ –∫–∞–Ω–∞–ª –≤ –≤–∏–¥–µ –ø–æ–¥–∫–∞—Å—Ç–∞ (–∞—É–¥–∏–æ–¥–æ—Ä–æ–∂–∫–∏) –∏ –ø–æ–ª–Ω–æ–≥–æ –≤–∏–¥–µ–æ—Ä–æ–ª–∏–∫–∞. –¢–∞–∫–∏–º –æ–±—Ä–∞–∑–æ–º, –ø–æ—è–≤–ª—è–µ—Ç—Å—è –≤–æ–∑–º–æ–∂–Ω–æ—Å—Ç—å –ø—Ä–æ—Å–ª—É—à–∞—Ç—å\–ø—Ä–æ—Å–º–æ—Ç—Ä–µ—Ç—å –ª–µ–∫—Ü–∏–∏ –º–µ–∂–¥—É –¥–µ–ª–æ–º –≤–æ –≤—Ä–µ–º—è –≥–æ—Ç–æ–≤–∫–∏ –µ–¥—ã\–ø–æ–µ–∑–¥–∫–∏ –∫—É–¥–∞-—Ç–æ. –í —Ç–∞–∫–æ–º —Ñ–æ—Ä–º–∞—Ç–µ —É–ª–∞–≤–ª–∏–≤–∞—Ç—å –º—ã—Å–ª–∏ —Å –ª–µ–∫—Ü–∏–π —É–¥–æ–±–Ω–æ, —Ç–∞–∫ –∫–∞–∫ –Ω–∞ —ç—Ç–æ –¥–µ–π—Å—Ç–≤–∏—Ç–µ–ª—å–Ω–æ –µ—Å—Ç—å –≤—Ä–µ–º—è.

–ü—Ä–∏–º–µ—Ä–Ω–∞—è –∫–æ–Ω—Ü–µ–ø—Ü–∏—è –∫–∞–Ω–∞–ª–∞ —Å–µ–π—á–∞—Å —Å–ª–µ–¥—É—é—â–∞—è: –º—ã –ø—Ä–µ–¥–ª–∞–≥–∞–µ–º –≤–∞–º –æ–±—Ä–∞–±–æ—Ç–∞–Ω–Ω—É—é –ª–µ–∫—Ü–∏—é, –∫–æ—Ç–æ—Ä–∞—è –≤–µ—Ä–æ—è—Ç–Ω–æ –±—É–¥–µ—Ç –Ω–∞ —Ç–µ–º—É —Å–∞–º–æ—Ä–∞–∑–≤–∏—Ç–∏—è, –∏–ª–∏ –Ω–∞ –¥—Ä—É–≥—É—é –æ—Ç–≤–ª–µ—á–µ–Ω–Ω—É—é —Ç–µ–º—É, –∞ –≤—ã —Å–∞–º–∏ —Ä–µ—à–∞–µ—Ç–µ, —Å–ª—É—à–∞—Ç—å\—Å–º–æ—Ç—Ä–µ—Ç—å –¥–∞–Ω–Ω—É—é –ª–µ–∫—Ü–∏—é, –∏–ª–∏ –ø—Ä–æ–ø—É—Å—Ç–∏—Ç—å –µ—ë.",,,
"–õ–µ–∫—Ü–∏–∏ –∏ –≤–µ–±–∏–Ω–∞—Ä—ã –ø–æ —Å–∞–º–æ—Ä–∞–∑–≤–∏—Ç–∏—é –∏ –¥—Ä—É–≥–∏–º –∏–Ω—Ç–µ—Ä–µ—Å–∞–º –≤ —É–¥–æ–±–Ω–æ–º —Ñ–æ—Ä–º–∞—Ç–µ –¥–ª—è –ø—Ä–æ—Å–ª—É—à–∏–≤–∞–Ω–∏—è –∫–∞–∫ –ø–æ–¥–∫–∞—Å—Ç –∏–ª–∏ –ø—Ä–æ—Å–º–æ—Ç—Ä–∞

–õ–µ–∫—Ü–∏–∏ –æ–±—Ä–∞–±–æ—Ç–∞–Ω—ã: –≤ –Ω–∏—Ö —É–±—Ä–∞–Ω—ã –≤—Å–µ –ø–∞—É–∑—ã –∏–∑ —Ä–µ—á–∏ —Å–ø–∏–∫–µ—Ä–æ–≤ –∏ —Ç–∏—à–∏–Ω–∞. –ë–ª–∞–≥–æ–¥–∞—Ä—è —ç—Ç–æ–º—É —Å–ª—É—à–∞—Ç—å –∏—Ö —É–¥–æ–±–Ω–µ–µ - —Å–ª–æ–≤–æ –≤–ª–µ—Ç–∞–µ—Ç –≤ –≥–æ–ª–æ–≤—É –æ–¥–Ω–æ –∑–∞ –¥—Ä—É–≥–∏–º –∏ –º—ã—Å–ª—å –±—ã—Å—Ç—Ä–æ –ø–µ—Ä–µ–¥–∞—ë—Ç—Å—è –≤ –º–æ–∑–≥. –≠—Ç–æ —ç–∫–æ–Ω–æ–º–∏—Ç –≤—Ä–µ–º—è –ø—Ä–æ—Å–º–æ—Ç—Ä–∞\–ø—Ä–æ—Å–ª—É—à–∏–≤–∞–Ω–∏—è –∏ –ø–æ–¥–¥–µ—Ä–∂–∏–≤–∞–µ—Ç –∏–Ω—Ç–µ—Ä–µ—Å –±–ª–∞–≥–æ–¥–∞—Ä—è –Ω–µ–ø—Ä–µ—Ä—ã–≤–Ω–æ–π –ø–æ–¥–∞—á–µ –ø—Ä–µ–¥–ª–æ–∂–µ–Ω–∏–π. –ü–æ —Å—É—Ç–∏ –º—ã —Å–æ–∑–¥–∞—ë–º –æ–±—Ä–∞–±–æ—Ç–∞–Ω–Ω—ã–π –ø–æ–¥–∫–∞—Å—Ç –∏–∑ –∑–∞–ø–∏—Å–µ–π –ª–µ–∫—Ü–∏–π, –ø—Ä—è–º—ã—Ö —Ç—Ä–∞–Ω—Å–ª—è—Ü–∏–π –∏ –≤–µ–±–∏–Ω–∞—Ä–æ–≤.

–ö–∞–∫ —ç—Ç–æ –∏—Å–ø–æ–ª—å–∑–æ–≤–∞—Ç—å:
- —Å–ª—É—à–∞—Ç—å –≤ –∞—É–¥–∏–æ —Ñ–æ—Ä–º–∞—Ç–µ –∫–∞–∫ –ø–æ–¥–∫–∞—Å—Ç (–µ—Å—Ç—å –≤–æ–∑–º–æ–∂–Ω–æ—Å—Ç—å —Å–ª—É—à–∞—Ç—å –Ω–∞ [2—Ö] —É—Å–∫–æ—Ä–µ–Ω–∏–∏ –ø—Ä—è–º–æ –≤ Telegram) - —É–¥–æ–±–Ω–µ–µ –≤—ã–±–∏—Ä–∞—Ç—å –∞—É–¥–∏–æ–∑–∞–ø–∏—Å—å –∏–∑ –≤–∫–ª–∞–¥–∫–∏ –º—É–∑—ã–∫–∞ –≤ —Ñ–∞–π–ª–∞—Ö –∫–∞–Ω–∞–ª–∞
- –Ω–∞–∂–∞—Ç—å –Ω–∞ –≤–∏–¥–µ–æ –∏ —Å–º–æ—Ç—Ä–µ—Ç—å –ª–µ–∫—Ü–∏—é –≤ Telegram (–≤–∫–ª—é—á–∏—Ç—å –ø—Ä–µ–¥–≤–∞—Ä–∏—Ç–µ–ª—å–Ω–æ–µ –≤–æ—Å–ø—Ä–æ–∏–∑–≤–µ–¥–µ–Ω–∏–µ –≤ –Ω–∞—Å—Ç—Ä–æ–π–∫–∞—Ö Telegram, —á—Ç–æ–±—ã —Å–º–æ—Ç—Ä–µ—Ç—å, –Ω–µ —Å–∫–∞—á–∏–≤–∞—è –≤–∏–¥–µ–æ)
‚Ä¢ —Ç–∞–∫–∂–µ –º–æ–∂–Ω–æ –Ω–∞–∂–∞—Ç—å –Ω–∞ ""–æ–∫–Ω–æ –≤ –æ–∫–Ω–µ"" –∏ —Å–º–æ—Ç—Ä–µ—Ç—å –ª–µ–∫—Ü–∏—é –ø–∞—Ä–∞–ª–ª–µ–ª—å–Ω–æ —Å –∏—Å–ø–æ–ª—å–∑–æ–≤–∞–Ω–∏–µ–º –¥—Ä—É–≥–æ–≥–æ –ø—Ä–∏–ª–æ–∂–µ–Ω–∏—è

–ß—Ç–æ –∑–¥–µ—Å—å –∑–∞ –∫–æ–Ω—Ç–µ–Ω—Ç?
–ü—Ä–µ–∏–º—É—â–µ—Å—Ç–≤–µ–Ω–Ω–æ –∫–æ–Ω—Ç–µ–Ω—Ç –ø–æ —Å–∞–º–æ—Ä–∞–∑–≤–∏—Ç–∏—é: —Å–ø–∏—á–∏ –ê–†, –ê—Å–∏ –ö–∞–∑–∞–Ω—Ü–µ–≤–æ–π, –ê—Ä—Ç—É—Ä–∞ –•–∞—á—É—è–Ω–∞, –ê–ª–µ–∫—Å–µ—è –°–∞–≤–≤–∞—Ç–µ–µ–≤–∞ –∏ –¥—Ä—É–≥–∏—Ö –ª–µ–∫—Ç–æ—Ä–æ–≤. –ü–æ–º–∏–º–æ —ç—Ç–æ–≥–æ –∑–¥–µ—Å—å –∏–Ω–æ–≥–¥–∞ –ø–æ—è–≤–ª—è–µ—Ç—Å—è –∫–æ–Ω—Ç–µ–Ω—Ç –ø–æ –¥—Ä—É–≥–∏–º —Ç–µ–º–∞–º, –∫–æ—Ç–æ—Ä—ã–µ –ø–æ–∫–∞–∑–∞–ª–∏—Å—å –∏–Ω—Ç–µ—Ä–µ—Å–Ω—ã–º–∏ –∫–æ–º–∞–Ω–¥–µ –∫–∞–Ω–∞–ª–∞. –ò—Ö –º–æ–∂–Ω–æ –≤–æ—Å–ø—Ä–∏–Ω–∏–º–∞—Ç—å –∫–∞–∫ –ø—Ä–µ–¥–ª–æ–∂–µ–Ω–∏–µ –∫ –ø—Ä–æ—Å–ª—É—à–∏–≤–∞–Ω–∏—é –∏ –ø—Ä–æ–ø—É—Å–∫–∞—Ç—å –∏—Ö, –µ—Å–ª–∏ –æ–Ω–∏ –Ω–µ –∑–∞–∏–Ω—Ç–µ—Ä–µ—Å–æ–≤–∞–ª–∏.",,,
,,,
